{"stats":{"minecraft:used":{"minecraft:cherry_sapling":7,"minecraft:melon_slice":14,"fantasyfurniture:furniture_station":1,"minecraft:crafting_table":1,"tombstone:gift":1,"minecraft:cooked_beef":3,"minecraft:wooden_axe":61,"minecraft:golden_axe":34},"minecraft:picked_up":{"minecraft:pink_petals":40,"minecraft:stick":47,"iceandfire:ghost_chest":1,"minecraft:cooked_beef":3,"minecraft:copper_ingot":1,"minecraft:leather":1,"minecraft:oak_log":1,"minecraft:cherry_log":145,"iceandfire:ectoplasm":6,"minecraft:dirt":4,"minecraft:rotten_flesh":5,"minecraft:bone":1,"minecraft:arrow":1,"minecraft:bundle":1,"minecraft:wheat_seeds":5,"minecraft:gold_nugget":214,"minecraft:beef":5,"minecraft:cherry_sapling":81,"minecraft:jungle_sapling":1,"minecraft:oak_sapling":2,"minecraft:melon_slice":14,"minecraft:black_wool":1,"minecraft:mutton":2,"minecraft:white_wool":1,"alexsmobs:leafcutter_ant_chamber":1,"minecraft:sunflower":1},"minecraft:custom":{"minecraft:time_since_rest":17455,"minecraft:sprint_one_cm":73462,"minecraft:interact_with_furnace":5,"minecraft:damage_taken":1319,"minecraft:walk_one_cm":204458,"minecraft:drop":9,"minecraft:damage_dealt":32,"minecraft:interact_with_crafting_table":6,"minecraft:swim_one_cm":305,"minecraft:fly_one_cm":114096,"minecraft:open_chest":24,"minecraft:crouch_one_cm":2899,"minecraft:play_time":44096,"minecraft:deaths":2,"minecraft:sneak_time":544,"minecraft:walk_under_water_one_cm":1100,"minecraft:jump":1087,"minecraft:leave_game":1,"minecraft:time_since_death":19507,"minecraft:walk_on_water_one_cm":1341,"minecraft:climb_one_cm":2525,"minecraft:total_world_time":44096,"minecraft:fall_one_cm":26099},"minecraft:mined":{"minecraft:pink_petals":9,"minecraft:white_bed":1,"minecraft:jungle_leaves":62,"treechop:chopped_log":7,"minecraft:grass":26,"minecraft:grass_block":2,"iceandfire:gold_pile":24,"minecraft:melon":2,"minecraft:vine":3,"minecraft:dirt":3,"alexsmobs:leafcutter_ant_chamber":1,"iceandfire:fire_lily":1,"minecraft:tall_grass":6,"minecraft:oak_leaves":34,"minecraft:fern":1},"minecraft:dropped":{"minecraft:dirt":3,"minecraft:wheat_seeds":1,"minecraft:bundle":1,"minecraft:cherry_planks":40,"minecraft:oak_sapling":1,"minecraft:jungle_sapling":1,"pfm:furniture_book":1},"minecraft:broken":{"minecraft:golden_axe":1},"minecraft:crafted":{"minecraft:golden_axe":1,"minecraft:cherry_planks":48,"minecraft:oak_planks":4,"fantasyfurniture:furniture_station":1,"minecraft:cherry_wood":3,"minecraft:iron_chestplate":1,"minecraft:crafting_table":2,"minecraft:iron_ingot":1,"minecraft:wooden_axe":1,"minecraft:gold_ingot":7,"minecraft:iron_leggings":1,"minecraft:golden_boots":1}},"DataVersion":3465}