{"stats":{"minecraft:used":{"minecraft:cherry_sapling":7,"minecraft:melon_slice":14,"fantasyfurniture:furniture_station":1,"tombstone:gift":1,"minecraft:cooked_beef":2},"minecraft:picked_up":{"minecraft:pink_petals":11,"minecraft:stick":3,"iceandfire:ghost_chest":1,"minecraft:cooked_beef":3,"minecraft:copper_ingot":1,"minecraft:leather":1,"minecraft:oak_log":1,"minecraft:cherry_log":10,"iceandfire:ectoplasm":6,"minecraft:dirt":3,"minecraft:bundle":1,"minecraft:wheat_seeds":3,"minecraft:gold_nugget":214,"minecraft:beef":5,"minecraft:cherry_sapling":7,"minecraft:jungle_sapling":1,"minecraft:oak_sapling":2,"minecraft:melon_slice":14,"minecraft:black_wool":1,"minecraft:mutton":2,"minecraft:white_wool":1,"alexsmobs:leafcutter_ant_chamber":1,"minecraft:sunflower":1},"minecraft:custom":{"minecraft:time_since_rest":5455,"minecraft:sprint_one_cm":41424,"minecraft:interact_with_furnace":3,"minecraft:damage_taken":1186,"minecraft:walk_one_cm":173714,"minecraft:drop":5,"minecraft:damage_dealt":32,"minecraft:interact_with_crafting_table":1,"minecraft:swim_one_cm":305,"minecraft:fly_one_cm":78756,"minecraft:open_chest":22,"minecraft:crouch_one_cm":2899,"minecraft:play_time":32096,"minecraft:deaths":2,"minecraft:sneak_time":539,"minecraft:walk_under_water_one_cm":33,"minecraft:jump":859,"minecraft:leave_game":1,"minecraft:time_since_death":7507,"minecraft:walk_on_water_one_cm":1010,"minecraft:climb_one_cm":2525,"minecraft:total_world_time":32096,"minecraft:fall_one_cm":21186},"minecraft:mined":{"minecraft:pink_petals":7,"minecraft:jungle_leaves":62,"minecraft:grass":23,"minecraft:grass_block":2,"iceandfire:gold_pile":24,"minecraft:melon":2,"minecraft:vine":3,"minecraft:dirt":3,"alexsmobs:leafcutter_ant_chamber":1,"iceandfire:fire_lily":1,"minecraft:tall_grass":4,"minecraft:oak_leaves":34,"minecraft:fern":1},"minecraft:dropped":{"minecraft:wheat_seeds":1,"minecraft:bundle":1,"minecraft:oak_sapling":1,"minecraft:jungle_sapling":1,"pfm:furniture_book":1},"minecraft:crafted":{"minecraft:cherry_planks":40,"minecraft:oak_planks":4,"fantasyfurniture:furniture_station":1,"minecraft:iron_chestplate":1,"minecraft:crafting_table":1,"minecraft:iron_leggings":1}},"DataVersion":3465}