{"stats":{"minecraft:used":{"minecraft:cherry_sapling":59,"minecraft:stone_sword":74,"minecraft:chest":1,"minecraft:crafting_table":1,"minecraft:white_bed":1,"minecraft:wooden_axe":136,"minecraft:melon_slice":14,"iceandfire:ghost_chest":1,"minecraft:stone_axe":14,"fantasyfurniture:furniture_station":1,"minecraft:cooked_porkchop":2,"tombstone:gift":1,"minecraft:cooked_beef":11,"minecraft:golden_axe":34},"minecraft:picked_up":{"minecraft:pink_petals":105,"minecraft:feather":8,"minecraft:cooked_beef":11,"minecraft:chicken":6,"minecraft:brown_wool":1,"minecraft:leather":1,"minecraft:oak_log":1,"iceandfire:ectoplasm":6,"minecraft:dirt":21,"minecraft:bone":1,"minecraft:wheat_seeds":7,"minecraft:gold_nugget":214,"minecraft:beef":5,"minecraft:rose_bush":1,"minecraft:jungle_sapling":1,"minecraft:poppy":1,"minecraft:light_gray_wool":1,"minecraft:melon_slice":14,"alexsmobs:leafcutter_ant_chamber":1,"minecraft:egg":4,"iceandfire:copper_nugget":4,"minecraft:stick":90,"iceandfire:ghost_chest":2,"minecraft:cooked_porkchop":2,"minecraft:copper_ingot":1,"minecraft:porkchop":22,"minecraft:cherry_log":201,"tombstone:grave_dust":4,"minecraft:white_bed":1,"minecraft:bundle":1,"minecraft:arrow":1,"minecraft:rotten_flesh":7,"minecraft:cherry_sapling":157,"tombstone:magic_scroll":1,"minecraft:oak_sapling":2,"iceandfire:silver_nugget":10,"minecraft:black_wool":1,"minecraft:mutton":11,"minecraft:white_wool":7,"minecraft:sunflower":1},"minecraft:custom":{"minecraft:interact_with_furnace":25,"minecraft:mob_kills":27,"minecraft:interact_with_crafting_table":10,"minecraft:leave_game":1,"minecraft:time_since_death":55507,"minecraft:climb_one_cm":2525,"minecraft:time_since_rest":53455,"minecraft:sprint_one_cm":168720,"minecraft:damage_taken":1898,"minecraft:walk_one_cm":404780,"minecraft:trigger_trapped_chest":1,"minecraft:drop":9,"minecraft:damage_dealt":3297,"minecraft:damage_dealt_absorbed":120,"minecraft:swim_one_cm":7204,"minecraft:fly_one_cm":248141,"minecraft:open_chest":40,"minecraft:crouch_one_cm":4605,"minecraft:play_time":80096,"tombstone:undead_killed":3,"minecraft:deaths":2,"minecraft:sneak_time":873,"minecraft:walk_under_water_one_cm":1732,"minecraft:jump":1900,"minecraft:walk_on_water_one_cm":4160,"minecraft:total_world_time":80096,"minecraft:fall_one_cm":47655},"minecraft:mined":{"minecraft:white_bed":2,"iceandfire:copper_pile":1,"minecraft:jungle_leaves":62,"minecraft:cherry_sapling":26,"minecraft:grass_block":3,"minecraft:melon":2,"iceandfire:ghost_chest":1,"minecraft:rose_bush":3,"alexsmobs:leafcutter_ant_chamber":1,"iceandfire:fire_lily":1,"minecraft:tall_grass":7,"minecraft:pink_petals":22,"minecraft:fire":2,"treechop:chopped_log":11,"iceandfire:silver_pile":3,"minecraft:vine":3,"minecraft:grass":32,"iceandfire:gold_pile":24,"minecraft:dirt":3,"minecraft:oak_leaves":36,"minecraft:fern":1},"minecraft:killed":{"minecraft:pig":9,"alexsmobs:raccoon":1,"minecraft:sheep":8,"minecraft:zombie":1,"iceandfire:ghost":2,"minecraft:chicken":6},"minecraft:dropped":{"minecraft:wheat_seeds":1,"minecraft:dirt":3,"minecraft:bundle":1,"minecraft:oak_sapling":1,"minecraft:cherry_planks":40,"minecraft:jungle_sapling":1,"pfm:furniture_book":1},"minecraft:broken":{"minecraft:golden_axe":1,"minecraft:wooden_axe":2},"minecraft:crafted":{"minecraft:cherry_planks":56,"minecraft:golden_axe":1,"minecraft:oak_planks":4,"fantasyfurniture:furniture_station":1,"minecraft:cherry_wood":3,"minecraft:cooked_porkchop":4,"minecraft:crafting_table":2,"minecraft:cooked_chicken":5,"minecraft:stone_axe":1,"minecraft:cooked_mutton":2,"minecraft:air":0,"minecraft:iron_chestplate":1,"minecraft:iron_ingot":1,"minecraft:stone_sword":1,"minecraft:wooden_axe":3,"minecraft:chest":1,"minecraft:iron_leggings":1,"minecraft:gold_ingot":7,"minecraft:golden_boots":1}},"DataVersion":3465}