{"stats":{"minecraft:used":{"minecraft:cherry_sapling":59,"minecraft:chest":1,"minecraft:crafting_table":1,"minecraft:wooden_axe":131,"minecraft:melon_slice":14,"iceandfire:ghost_chest":1,"fantasyfurniture:furniture_station":1,"minecraft:cooked_porkchop":1,"tombstone:gift":1,"minecraft:cooked_beef":6,"minecraft:golden_axe":34},"minecraft:picked_up":{"minecraft:pink_petals":105,"minecraft:cooked_beef":6,"minecraft:leather":1,"minecraft:oak_log":1,"iceandfire:ectoplasm":6,"minecraft:dirt":20,"minecraft:bone":1,"minecraft:wheat_seeds":6,"minecraft:gold_nugget":214,"minecraft:beef":5,"minecraft:jungle_sapling":1,"minecraft:melon_slice":14,"alexsmobs:leafcutter_ant_chamber":1,"minecraft:stick":90,"iceandfire:ghost_chest":2,"minecraft:cooked_porkchop":2,"minecraft:copper_ingot":1,"minecraft:cherry_log":200,"tombstone:grave_dust":4,"minecraft:bundle":1,"minecraft:arrow":1,"minecraft:rotten_flesh":5,"minecraft:cherry_sapling":157,"minecraft:oak_sapling":2,"minecraft:black_wool":1,"minecraft:mutton":2,"minecraft:white_wool":1,"minecraft:sunflower":1},"minecraft:custom":{"minecraft:interact_with_furnace":5,"minecraft:mob_kills":2,"minecraft:interact_with_crafting_table":8,"minecraft:leave_game":1,"minecraft:time_since_death":31507,"minecraft:climb_one_cm":2525,"minecraft:time_since_rest":29455,"minecraft:sprint_one_cm":79652,"minecraft:damage_taken":1594,"minecraft:walk_one_cm":272879,"minecraft:trigger_trapped_chest":1,"minecraft:drop":9,"minecraft:damage_dealt":1012,"minecraft:swim_one_cm":305,"minecraft:fly_one_cm":125764,"minecraft:open_chest":28,"minecraft:crouch_one_cm":3156,"minecraft:play_time":56096,"tombstone:undead_killed":2,"minecraft:deaths":2,"minecraft:sneak_time":591,"minecraft:walk_under_water_one_cm":1100,"minecraft:jump":1307,"minecraft:walk_on_water_one_cm":1341,"minecraft:total_world_time":56096,"minecraft:fall_one_cm":31127},"minecraft:mined":{"minecraft:white_bed":1,"minecraft:jungle_leaves":62,"minecraft:cherry_sapling":26,"minecraft:grass_block":2,"minecraft:melon":2,"iceandfire:ghost_chest":1,"alexsmobs:leafcutter_ant_chamber":1,"iceandfire:fire_lily":1,"minecraft:tall_grass":7,"minecraft:pink_petals":22,"treechop:chopped_log":10,"minecraft:vine":3,"minecraft:grass":28,"iceandfire:gold_pile":24,"minecraft:dirt":3,"minecraft:oak_leaves":34,"minecraft:fern":1},"minecraft:killed":{"iceandfire:ghost":2},"minecraft:dropped":{"minecraft:wheat_seeds":1,"minecraft:dirt":3,"minecraft:bundle":1,"minecraft:oak_sapling":1,"minecraft:cherry_planks":40,"minecraft:jungle_sapling":1,"pfm:furniture_book":1},"minecraft:broken":{"minecraft:golden_axe":1,"minecraft:wooden_axe":2},"minecraft:crafted":{"minecraft:cherry_planks":56,"minecraft:golden_axe":1,"minecraft:oak_planks":4,"fantasyfurniture:furniture_station":1,"minecraft:cherry_wood":3,"minecraft:crafting_table":2,"minecraft:iron_chestplate":1,"minecraft:iron_ingot":1,"minecraft:wooden_axe":3,"minecraft:chest":1,"minecraft:iron_leggings":1,"minecraft:gold_ingot":7,"minecraft:golden_boots":1}},"DataVersion":3465}