{"stats":{"minecraft:used":{"minecraft:melon_slice":9},"minecraft:picked_up":{"minecraft:wheat_seeds":2,"minecraft:oak_sapling":1,"minecraft:melon_slice":14,"alexsmobs:leafcutter_ant_chamber":1},"minecraft:custom":{"minecraft:time_since_rest":8096,"minecraft:crouch_one_cm":1260,"minecraft:play_time":8096,"minecraft:sprint_one_cm":20143,"minecraft:damage_taken":250,"minecraft:walk_one_cm":42933,"minecraft:sneak_time":233,"minecraft:walk_under_water_one_cm":33,"minecraft:drop":3,"minecraft:jump":297,"minecraft:damage_dealt":18,"minecraft:leave_game":1,"minecraft:walk_on_water_one_cm":1010,"minecraft:time_since_death":8096,"minecraft:total_world_time":8096,"minecraft:climb_one_cm":1978,"minecraft:swim_one_cm":305,"minecraft:fall_one_cm":7248,"minecraft:fly_one_cm":47981},"minecraft:mined":{"minecraft:grass":12,"minecraft:melon":2,"minecraft:vine":2,"alexsmobs:leafcutter_ant_chamber":1,"minecraft:jungle_leaves":19,"minecraft:oak_leaves":34,"minecraft:fern":1},"minecraft:dropped":{"pfm:furniture_book":1,"minecraft:wheat_seeds":1,"minecraft:oak_sapling":1}},"DataVersion":3465}