{"stats":{"minecraft:used":{"minecraft:cherry_sapling":6,"minecraft:melon_slice":14},"minecraft:picked_up":{"minecraft:stick":3,"minecraft:cherry_log":10,"iceandfire:ectoplasm":1,"minecraft:bundle":1,"minecraft:wheat_seeds":2,"minecraft:cherry_sapling":7,"minecraft:jungle_sapling":1,"minecraft:oak_sapling":1,"minecraft:melon_slice":14,"alexsmobs:leafcutter_ant_chamber":1},"minecraft:custom":{"minecraft:time_since_rest":1,"minecraft:sprint_one_cm":27856,"minecraft:interact_with_furnace":1,"minecraft:damage_taken":710,"minecraft:walk_one_cm":115625,"minecraft:drop":5,"minecraft:damage_dealt":32,"minecraft:swim_one_cm":305,"minecraft:fly_one_cm":62472,"minecraft:open_chest":7,"minecraft:crouch_one_cm":1875,"minecraft:play_time":20096,"minecraft:deaths":1,"minecraft:sneak_time":328,"minecraft:walk_under_water_one_cm":33,"minecraft:jump":594,"minecraft:leave_game":1,"minecraft:time_since_death":216,"minecraft:walk_on_water_one_cm":1010,"minecraft:climb_one_cm":2210,"minecraft:total_world_time":20096,"minecraft:fall_one_cm":14891},"minecraft:mined":{"minecraft:pink_petals":1,"minecraft:jungle_leaves":62,"minecraft:grass":14,"minecraft:melon":2,"minecraft:vine":2,"alexsmobs:leafcutter_ant_chamber":1,"iceandfire:fire_lily":1,"minecraft:oak_leaves":34,"minecraft:fern":1},"minecraft:dropped":{"minecraft:wheat_seeds":1,"minecraft:bundle":1,"minecraft:oak_sapling":1,"minecraft:jungle_sapling":1,"pfm:furniture_book":1},"minecraft:crafted":{"minecraft:cherry_planks":40}},"DataVersion":3465}