{"stats":{"minecraft:used":{"minecraft:oak_trapdoor":1,"minecraft:cooked_mutton":4,"minecraft:stone_pickaxe":119,"minecraft:wooden_pickaxe":31,"minecraft:torch":3,"minecraft:dirt":51,"minecraft:crafting_table":8,"minecraft:white_bed":2,"minecraft:wooden_axe":43,"minecraft:stone_axe":40,"minecraft:furnace":2,"minecraft:cooked_porkchop":2,"minecraft:andesite":7},"minecraft:picked_up":{"minecraft:music_disc_strad":1,"minecraft:crafting_table":8,"minecraft:andesite":7,"minecraft:oak_log":38,"minecraft:dirt":52,"minecraft:cooked_mutton":1,"minecraft:bone":2,"minecraft:apple":3,"minecraft:wheat_seeds":2,"minecraft:furnace":2,"minecraft:dark_oak_sapling":13,"minecraft:stick":20,"minecraft:raw_iron":3,"minecraft:torch":2,"minecraft:porkchop":2,"minecraft:white_bed":2,"minecraft:dark_oak_log":117,"minecraft:spider_eye":1,"minecraft:bundle":1,"minecraft:rotten_flesh":2,"minecraft:peony":6,"pfm:furniture_book":1,"minecraft:oak_sapling":35,"minecraft:mutton":5,"minecraft:coal":56,"minecraft:white_wool":3,"minecraft:cobblestone":81},"minecraft:custom":{"minecraft:interact_with_furnace":10,"minecraft:mob_kills":8,"minecraft:interact_with_crafting_table":8,"minecraft:time_since_death":38225,"minecraft:sleep_in_bed":2,"minecraft:climb_one_cm":724,"minecraft:time_since_rest":12120,"minecraft:sprint_one_cm":65981,"minecraft:damage_taken":400,"minecraft:walk_one_cm":130767,"minecraft:damage_dealt":1079,"minecraft:swim_one_cm":5557,"minecraft:fly_one_cm":74605,"minecraft:crouch_one_cm":3478,"minecraft:play_time":38225,"tombstone:undead_killed":2,"minecraft:sneak_time":964,"minecraft:walk_under_water_one_cm":10036,"minecraft:jump":665,"minecraft:walk_on_water_one_cm":13639,"minecraft:total_world_time":38225,"minecraft:fall_one_cm":12842},"minecraft:mined":{"minecraft:white_bed":2,"minecraft:crafting_table":8,"minecraft:torch":1,"minecraft:grass_block":19,"minecraft:brown_mushroom_block":1,"minecraft:wall_torch":1,"minecraft:furnace":2,"minecraft:iron_ore":3,"minecraft:andesite":6,"treechop:chopped_log":5,"minecraft:peony":8,"minecraft:grass":7,"minecraft:coal_ore":56,"minecraft:oak_log":1,"minecraft:dirt":32,"minecraft:stone":81},"minecraft:killed":{"minecraft:pig":1,"minecraft:spider":1,"minecraft:skeleton":1,"minecraft:sheep":3,"minecraft:zombie":1},"minecraft:broken":{"minecraft:wooden_axe":1},"minecraft:crafted":{"minecraft:oak_planks":40,"minecraft:cooked_porkchop":2,"minecraft:crafting_table":1,"minecraft:wooden_pickaxe":1,"minecraft:furnace":1,"minecraft:stone_axe":1,"minecraft:cooked_mutton":4,"minecraft:air":0,"minecraft:oak_trapdoor":2,"minecraft:stick":4,"minecraft:stone_pickaxe":1,"minecraft:wooden_axe":1,"minecraft:white_bed":1,"minecraft:torch":12}},"DataVersion":3465}