{"stats":{"minecraft:picked_up":{"minecraft:raw_iron":1,"minecraft:stick":10,"minecraft:crafting_table":6,"minecraft:andesite":5,"minecraft:torch":2,"minecraft:porkchop":2,"minecraft:oak_log":38,"minecraft:white_bed":2,"minecraft:spider_eye":1,"minecraft:dirt":44,"minecraft:bundle":1,"minecraft:cooked_mutton":1,"minecraft:rotten_flesh":2,"minecraft:apple":1,"minecraft:peony":6,"minecraft:oak_sapling":32,"minecraft:mutton":5,"minecraft:coal":56,"minecraft:white_wool":3,"minecraft:cobblestone":72,"minecraft:furnace":1},"minecraft:used":{"minecraft:cooked_mutton":1,"minecraft:wooden_axe":40,"minecraft:stone_pickaxe":106,"minecraft:wooden_pickaxe":31,"minecraft:torch":3,"minecraft:dirt":24,"minecraft:crafting_table":6,"minecraft:furnace":1,"minecraft:cooked_porkchop":2,"minecraft:white_bed":2},"minecraft:custom":{"minecraft:time_since_rest":120,"minecraft:interact_with_furnace":10,"minecraft:sprint_one_cm":39146,"minecraft:damage_taken":220,"minecraft:walk_one_cm":75226,"minecraft:mob_kills":6,"minecraft:damage_dealt":699,"minecraft:swim_one_cm":1924,"minecraft:interact_with_crafting_table":6,"minecraft:fly_one_cm":44417,"minecraft:crouch_one_cm":1355,"minecraft:play_time":26225,"tombstone:undead_killed":1,"minecraft:sneak_time":332,"minecraft:walk_under_water_one_cm":4347,"minecraft:jump":477,"minecraft:walk_on_water_one_cm":8465,"minecraft:time_since_death":26225,"minecraft:sleep_in_bed":2,"minecraft:climb_one_cm":724,"minecraft:total_world_time":26225,"minecraft:fall_one_cm":8811},"minecraft:mined":{"minecraft:white_bed":2,"minecraft:furnace":1,"minecraft:iron_ore":1,"minecraft:andesite":5,"treechop:chopped_log":4,"minecraft:peony":8,"minecraft:crafting_table":6,"minecraft:torch":1,"minecraft:oak_log":1,"minecraft:grass_block":17,"minecraft:coal_ore":56,"minecraft:dirt":25,"minecraft:stone":72,"minecraft:wall_torch":1},"minecraft:killed":{"minecraft:sheep":3,"minecraft:zombie":1,"minecraft:pig":1,"minecraft:spider":1},"minecraft:crafted":{"minecraft:oak_planks":40,"minecraft:cooked_porkchop":2,"minecraft:crafting_table":1,"minecraft:wooden_pickaxe":1,"minecraft:stone_pickaxe":1,"minecraft:wooden_axe":1,"minecraft:furnace":1,"minecraft:white_bed":1,"minecraft:torch":12,"minecraft:cooked_mutton":4,"minecraft:air":0}},"DataVersion":3465}