{"stats":{"minecraft:picked_up":{"minecraft:music_disc_strad":1,"minecraft:crafting_table":11,"minecraft:wheat":76,"minecraft:enchanted_book":2,"iceandfire:manuscript":7,"minecraft:string":3,"minecraft:beef":15,"minecraft:poppy":2,"minecraft:sugar_cane":9,"minecraft:chest":3,"minecraft:iron_boots":1,"minecraft:furnace":4,"minecraft:dark_oak_sapling":13,"minecraft:stick":241,"minecraft:raw_iron":8,"iceandfire:ghost_chest":1,"minecraft:torch":6,"minecraft:porkchop":9,"minecraft:cherry_log":771,"tombstone:grave_dust":3,"iceandfire:silver_ingot":4,"minecraft:arrow":4,"minecraft:rotten_flesh":27,"minecraft:peony":6,"iceandfire:chared_dirt":2,"minecraft:gold_ingot":1,"minecraft:mutton":53,"minecraft:iron_bars":3,"minecraft:skeleton_skull":1,"minecraft:white_wool":33,"minecraft:cobblestone":180,"minecraft:oxeye_daisy":4,"minecraft:birch_log":236,"minecraft:pink_petals":28,"minecraft:cherry_planks":1278,"minecraft:salmon":4,"minecraft:andesite":7,"minecraft:leather":11,"minecraft:oak_log":44,"iceandfire:ectoplasm":7,"minecraft:gunpowder":1,"minecraft:dirt":1276,"minecraft:cooked_mutton":1,"minecraft:bone":36,"minecraft:apple":3,"minecraft:bow":1,"minecraft:wheat_seeds":245,"minecraft:warped_stem":60,"minecraft:cooked_chicken":6,"minecraft:cobweb":8,"iceandfire:fire_dragon_flesh":2,"iceandfire:chared_stone":1,"minecraft:dandelion":8,"minecraft:sand":86,"minecraft:white_bed":7,"minecraft:dark_oak_log":117,"minecraft:spider_eye":2,"minecraft:bundle":2,"minecraft:diamond_shovel":1,"minecraft:diamond":1,"minecraft:cherry_sapling":402,"minecraft:gray_wool":1,"pfm:furniture_book":1,"minecraft:oak_sapling":36,"minecraft:coal":125,"minecraft:diamond_pickaxe":1},"minecraft:custom":{"minecraft:mob_kills":63,"minecraft:interact_with_anvil":1,"minecraft:animals_bred":18,"minecraft:interact_with_crafting_table":33,"minecraft:leave_game":3,"minecraft:time_since_death":86423,"minecraft:climb_one_cm":724,"minecraft:sprint_one_cm":307381,"minecraft:walk_one_cm":902864,"minecraft:drop":19,"minecraft:talked_to_villager":3,"minecraft:play_time":194019,"minecraft:deaths":2,"minecraft:sneak_time":3789,"minecraft:walk_under_water_one_cm":11445,"minecraft:jump":3145,"minecraft:walk_on_water_one_cm":23390,"minecraft:total_world_time":194019,"minecraft:interact_with_furnace":93,"minecraft:traded_with_villager":1,"minecraft:sleep_in_bed":13,"minecraft:time_since_rest":4764,"minecraft:damage_taken":3794,"minecraft:damage_dealt":6839,"minecraft:swim_one_cm":6036,"minecraft:fly_one_cm":515468,"minecraft:open_chest":186,"minecraft:crouch_one_cm":13140,"tombstone:undead_killed":10,"minecraft:fall_one_cm":77876},"minecraft:killed":{"minecraft:spider":2,"minecraft:skeleton":4,"minecraft:pig":5,"minecraft:creeper":1,"minecraft:sheep":34,"minecraft:zombie":4,"iceandfire:ghost":2,"alexsmobs:terrapin":1,"minecraft:cow":6},"minecraft:used":{"minecraft:oak_trapdoor":1,"minecraft:cherry_sapling":32,"minecraft:iron_shovel":474,"minecraft:poppy":1,"minecraft:chest":8,"minecraft:cooked_chicken":1,"minecraft:torch":22,"minecraft:dirt":500,"minecraft:wooden_axe":43,"minecraft:iron_axe":561,"minecraft:furnace":7,"tombstone:gift":6,"minecraft:cooked_beef":6,"minecraft:cherry_log":21,"minecraft:wheat_seeds":77,"minecraft:cooked_mutton":25,"minecraft:stone_pickaxe":209,"minecraft:wooden_pickaxe":33,"minecraft:cherry_planks":708,"minecraft:crafting_table":12,"minecraft:white_bed":8,"minecraft:diamond_pickaxe":88,"minecraft:oxeye_daisy":1,"minecraft:diamond_shovel":877,"minecraft:stone_axe":113,"minecraft:cobblestone":31,"minecraft:cooked_porkchop":8,"minecraft:andesite":7,"minecraft:glass_pane":15},"minecraft:broken":{"minecraft:iron_shovel":1,"minecraft:stone_pickaxe":1,"minecraft:iron_axe":2,"minecraft:stone_axe":1,"minecraft:wooden_axe":1},"minecraft:dropped":{"minecraft:wheat_seeds":2,"minecraft:cooked_beef":3,"minecraft:cooked_porkchop":2,"iceandfire:ectoplasm":7,"minecraft:dirt":6,"minecraft:oxeye_daisy":1,"minecraft:cobweb":8,"minecraft:bone":16,"minecraft:oak_trapdoor":1,"minecraft:rotten_flesh":10,"minecraft:diamond_shovel":1,"minecraft:poppy":1,"minecraft:spider_eye":1,"minecraft:iron_bars":3},"minecraft:crafted":{"minecraft:cherry_planks":2088,"minecraft:oak_planks":152,"minecraft:furnace":3,"minecraft:cooked_mutton":45,"minecraft:glass_pane":32,"minecraft:oak_trapdoor":2,"minecraft:glass":64,"minecraft:iron_axe":3,"minecraft:stone_pickaxe":2,"minecraft:chest":5,"minecraft:cooked_beef":48,"iceandfire:silver_ingot":1,"minecraft:cooked_porkchop":9,"minecraft:crafting_table":1,"minecraft:wooden_pickaxe":1,"minecraft:baked_potato":8,"minecraft:stone_axe":1,"minecraft:bread":6,"minecraft:air":0,"minecraft:stick":4,"minecraft:iron_ingot":8,"minecraft:wooden_axe":1,"minecraft:iron_shovel":2,"minecraft:white_bed":1,"minecraft:torch":36},"minecraft:mined":{"minecraft:white_bed":6,"minecraft:cherry_log":8,"minecraft:cherry_sapling":8,"minecraft:grass_block":316,"minecraft:brown_mushroom_block":1,"minecraft:oxeye_daisy":1,"minecraft:large_fern":1,"minecraft:furnace":3,"minecraft:iron_ore":8,"minecraft:fire":3,"minecraft:andesite":6,"treechop:chopped_log":43,"minecraft:peony":8,"minecraft:dirt_path":1,"minecraft:vine":1,"minecraft:iron_bars":3,"minecraft:stone":179,"minecraft:cherry_planks":53,"minecraft:dandelion":4,"minecraft:crafting_table":11,"minecraft:torch":2,"minecraft:poppy":1,"iceandfire:ghost_chest":2,"minecraft:chest":1,"minecraft:tall_grass":17,"minecraft:sugar_cane":3,"minecraft:wall_torch":4,"minecraft:pink_petals":8,"minecraft:wheat":78,"minecraft:grass":243,"minecraft:oak_log":1,"minecraft:coal_ore":125,"minecraft:sand":97,"minecraft:dirt":1017}},"DataVersion":3465}