{"stats":{"minecraft:picked_up":{"minecraft:stick":7,"minecraft:oak_log":20,"minecraft:apple":1,"minecraft:oak_sapling":14},"minecraft:custom":{"minecraft:jump":9,"minecraft:time_since_rest":2225,"minecraft:play_time":2225,"minecraft:walk_on_water_one_cm":2148,"minecraft:time_since_death":2225,"minecraft:walk_one_cm":4587,"minecraft:climb_one_cm":236,"minecraft:total_world_time":2225,"minecraft:walk_under_water_one_cm":536},"minecraft:mined":{"minecraft:oak_log":1,"treechop:chopped_log":1}},"DataVersion":3465}