{"stats":{"minecraft:mined":{"minecraft:cherry_planks":41,"minecraft:white_bed":6,"minecraft:cherry_log":8,"minecraft:cherry_sapling":8,"minecraft:dandelion":3,"minecraft:crafting_table":11,"minecraft:torch":1,"minecraft:grass_block":311,"minecraft:poppy":1,"iceandfire:ghost_chest":1,"minecraft:chest":1,"minecraft:brown_mushroom_block":1,"minecraft:tall_grass":16,"minecraft:wall_torch":2,"minecraft:pink_petals":8,"minecraft:large_fern":1,"minecraft:furnace":3,"minecraft:iron_ore":8,"minecraft:fire":3,"minecraft:andesite":6,"treechop:chopped_log":43,"minecraft:peony":8,"minecraft:grass":241,"minecraft:coal_ore":56,"minecraft:oak_log":1,"minecraft:iron_bars":3,"minecraft:sand":97,"minecraft:dirt":315,"minecraft:stone":161},"minecraft:used":{"minecraft:oak_trapdoor":1,"minecraft:cooked_mutton":14,"minecraft:cherry_sapling":32,"minecraft:iron_shovel":474,"minecraft:stone_pickaxe":209,"minecraft:poppy":1,"minecraft:wooden_pickaxe":33,"minecraft:chest":6,"minecraft:cherry_planks":400,"minecraft:torch":4,"minecraft:dirt":366,"minecraft:crafting_table":12,"minecraft:white_bed":8,"minecraft:wooden_axe":43,"minecraft:diamond_shovel":171,"minecraft:iron_axe":495,"minecraft:stone_axe":113,"minecraft:cobblestone":31,"minecraft:furnace":6,"minecraft:cooked_porkchop":8,"minecraft:andesite":7,"tombstone:gift":4,"minecraft:cooked_beef":4,"minecraft:cherry_log":21},"minecraft:killed":{"minecraft:pig":5,"minecraft:spider":1,"minecraft:creeper":1,"minecraft:sheep":6,"minecraft:skeleton":3,"minecraft:zombie":3,"iceandfire:ghost":2,"minecraft:cow":2},"minecraft:broken":{"minecraft:stone_pickaxe":1,"minecraft:iron_shovel":1,"minecraft:iron_axe":1,"minecraft:stone_axe":1,"minecraft:wooden_axe":1},"minecraft:crafted":{"minecraft:cooked_beef":7,"minecraft:cherry_planks":2088,"minecraft:oak_planks":152,"minecraft:cooked_porkchop":9,"iceandfire:silver_ingot":1,"minecraft:crafting_table":1,"minecraft:wooden_pickaxe":1,"minecraft:furnace":3,"minecraft:stone_axe":1,"minecraft:cooked_mutton":13,"minecraft:air":0,"minecraft:oak_trapdoor":2,"minecraft:iron_axe":2,"minecraft:stick":4,"minecraft:iron_ingot":8,"minecraft:stone_pickaxe":2,"minecraft:wooden_axe":1,"minecraft:chest":5,"minecraft:iron_shovel":2,"minecraft:white_bed":1,"minecraft:torch":12},"minecraft:picked_up":{"minecraft:pink_petals":28,"minecraft:crafting_table":11,"minecraft:music_disc_strad":1,"minecraft:cherry_planks":81,"minecraft:andesite":7,"minecraft:leather":4,"minecraft:enchanted_book":1,"minecraft:oak_log":44,"minecraft:gunpowder":1,"minecraft:dirt":620,"minecraft:cooked_mutton":1,"minecraft:bone":23,"minecraft:apple":3,"minecraft:bow":1,"minecraft:wheat_seeds":30,"minecraft:beef":4,"minecraft:cooked_chicken":6,"minecraft:poppy":2,"minecraft:chest":1,"minecraft:iron_boots":1,"minecraft:furnace":3,"iceandfire:chared_stone":1,"minecraft:dark_oak_sapling":13,"minecraft:stick":241,"minecraft:raw_iron":8,"minecraft:torch":3,"minecraft:dandelion":7,"minecraft:sand":86,"minecraft:porkchop":9,"minecraft:cherry_log":627,"tombstone:grave_dust":3,"minecraft:white_bed":7,"minecraft:dark_oak_log":117,"minecraft:spider_eye":1,"minecraft:diamond_shovel":1,"minecraft:bundle":2,"minecraft:arrow":4,"minecraft:rotten_flesh":21,"minecraft:peony":6,"iceandfire:chared_dirt":2,"minecraft:cherry_sapling":402,"minecraft:gray_wool":1,"pfm:furniture_book":1,"minecraft:oak_sapling":36,"minecraft:diamond_pickaxe":1,"minecraft:mutton":10,"minecraft:iron_bars":3,"minecraft:coal":56,"minecraft:skeleton_skull":1,"minecraft:white_wool":5,"minecraft:cobblestone":162,"minecraft:oxeye_daisy":1},"minecraft:custom":{"minecraft:interact_with_furnace":63,"minecraft:interact_with_anvil":1,"minecraft:mob_kills":27,"minecraft:interact_with_crafting_table":30,"minecraft:leave_game":1,"minecraft:time_since_death":46364,"minecraft:sleep_in_bed":11,"minecraft:climb_one_cm":724,"minecraft:time_since_rest":4000,"minecraft:sprint_one_cm":236823,"minecraft:damage_taken":2722,"minecraft:walk_one_cm":702949,"minecraft:drop":13,"minecraft:damage_dealt":3798,"minecraft:talked_to_villager":2,"minecraft:swim_one_cm":5557,"minecraft:fly_one_cm":362436,"minecraft:open_chest":118,"minecraft:crouch_one_cm":12186,"minecraft:play_time":153960,"tombstone:undead_killed":8,"minecraft:deaths":2,"minecraft:sneak_time":3524,"minecraft:walk_under_water_one_cm":11343,"minecraft:jump":2440,"minecraft:walk_on_water_one_cm":19367,"minecraft:total_world_time":153960,"minecraft:fall_one_cm":58298},"minecraft:dropped":{"minecraft:wheat_seeds":2,"minecraft:oak_trapdoor":1,"minecraft:cooked_beef":3,"minecraft:cooked_porkchop":2,"minecraft:rotten_flesh":4,"minecraft:diamond_shovel":1,"minecraft:poppy":1,"minecraft:dirt":6,"minecraft:spider_eye":1,"minecraft:iron_bars":3,"minecraft:bone":3}},"DataVersion":3465}