{"stats":{"minecraft:used":{"minecraft:oak_trapdoor":1,"minecraft:cooked_mutton":7,"minecraft:stone_pickaxe":144,"minecraft:wooden_pickaxe":33,"minecraft:torch":4,"minecraft:dirt":51,"minecraft:crafting_table":10,"minecraft:white_bed":5,"minecraft:wooden_axe":43,"minecraft:stone_axe":70,"minecraft:cobblestone":29,"minecraft:furnace":4,"minecraft:cooked_porkchop":2,"minecraft:andesite":7},"minecraft:picked_up":{"minecraft:music_disc_strad":1,"minecraft:crafting_table":10,"minecraft:andesite":7,"minecraft:leather":4,"minecraft:oak_log":38,"minecraft:dirt":57,"minecraft:cooked_mutton":1,"minecraft:bone":3,"minecraft:apple":3,"minecraft:bow":1,"minecraft:wheat_seeds":2,"minecraft:beef":4,"minecraft:furnace":3,"minecraft:dark_oak_sapling":13,"minecraft:stick":29,"minecraft:raw_iron":8,"minecraft:torch":3,"minecraft:porkchop":2,"minecraft:cherry_log":21,"minecraft:white_bed":5,"minecraft:dark_oak_log":117,"minecraft:spider_eye":1,"minecraft:bundle":2,"minecraft:arrow":1,"minecraft:rotten_flesh":4,"minecraft:peony":6,"minecraft:cherry_sapling":15,"pfm:furniture_book":1,"minecraft:oak_sapling":35,"minecraft:mutton":7,"minecraft:coal":56,"minecraft:white_wool":4,"minecraft:cobblestone":100},"minecraft:custom":{"minecraft:interact_with_furnace":21,"minecraft:mob_kills":13,"minecraft:interact_with_crafting_table":13,"minecraft:time_since_death":50225,"minecraft:sleep_in_bed":6,"minecraft:climb_one_cm":724,"minecraft:time_since_rest":2660,"minecraft:sprint_one_cm":91999,"minecraft:damage_taken":850,"minecraft:walk_one_cm":174644,"minecraft:drop":3,"minecraft:damage_dealt":1677,"minecraft:swim_one_cm":5557,"minecraft:fly_one_cm":105740,"minecraft:crouch_one_cm":4118,"minecraft:play_time":50225,"tombstone:undead_killed":4,"minecraft:sneak_time":1102,"minecraft:walk_under_water_one_cm":10036,"minecraft:jump":932,"minecraft:walk_on_water_one_cm":14082,"minecraft:total_world_time":50225,"minecraft:fall_one_cm":17399},"minecraft:mined":{"minecraft:white_bed":5,"minecraft:crafting_table":10,"minecraft:torch":1,"minecraft:grass_block":20,"minecraft:brown_mushroom_block":1,"minecraft:tall_grass":1,"minecraft:wall_torch":2,"minecraft:furnace":3,"minecraft:iron_ore":8,"minecraft:andesite":6,"treechop:chopped_log":6,"minecraft:peony":8,"minecraft:grass":8,"minecraft:coal_ore":56,"minecraft:oak_log":1,"minecraft:dirt":36,"minecraft:stone":100},"minecraft:killed":{"minecraft:pig":1,"minecraft:spider":1,"minecraft:skeleton":2,"minecraft:sheep":4,"minecraft:zombie":2,"minecraft:cow":2},"minecraft:dropped":{"minecraft:wheat_seeds":2,"minecraft:dirt":6,"minecraft:bone":3},"minecraft:broken":{"minecraft:stone_pickaxe":1,"minecraft:wooden_axe":1},"minecraft:crafted":{"minecraft:cooked_beef":4,"minecraft:oak_planks":40,"minecraft:cooked_porkchop":2,"minecraft:crafting_table":1,"minecraft:wooden_pickaxe":1,"minecraft:furnace":2,"minecraft:stone_axe":1,"minecraft:cooked_mutton":6,"minecraft:air":0,"minecraft:oak_trapdoor":2,"minecraft:stick":4,"minecraft:stone_pickaxe":2,"minecraft:wooden_axe":1,"minecraft:white_bed":1,"minecraft:torch":12}},"DataVersion":3465}