{"stats":{"minecraft:used":{"minecraft:wooden_axe":33,"minecraft:stone_pickaxe":77,"minecraft:wooden_pickaxe":31,"minecraft:torch":3,"minecraft:dirt":8,"minecraft:crafting_table":5,"minecraft:white_bed":1},"minecraft:picked_up":{"minecraft:stick":10,"minecraft:crafting_table":5,"minecraft:andesite":5,"minecraft:torch":2,"minecraft:porkchop":2,"minecraft:oak_log":38,"minecraft:white_bed":1,"minecraft:dirt":21,"minecraft:apple":1,"minecraft:oak_sapling":32,"minecraft:mutton":5,"minecraft:coal":30,"minecraft:white_wool":3,"minecraft:cobblestone":71},"minecraft:custom":{"minecraft:time_since_rest":2980,"minecraft:sprint_one_cm":23292,"minecraft:damage_taken":70,"minecraft:walk_one_cm":39211,"minecraft:mob_kills":4,"minecraft:damage_dealt":340,"minecraft:interact_with_crafting_table":5,"minecraft:fly_one_cm":25188,"minecraft:crouch_one_cm":622,"minecraft:play_time":14225,"minecraft:sneak_time":118,"minecraft:walk_under_water_one_cm":2143,"minecraft:jump":194,"minecraft:walk_on_water_one_cm":4111,"minecraft:time_since_death":14225,"minecraft:sleep_in_bed":1,"minecraft:climb_one_cm":236,"minecraft:total_world_time":14225,"minecraft:fall_one_cm":3733},"minecraft:mined":{"minecraft:white_bed":1,"minecraft:andesite":5,"treechop:chopped_log":4,"minecraft:crafting_table":5,"minecraft:torch":1,"minecraft:oak_log":1,"minecraft:grass_block":3,"minecraft:coal_ore":30,"minecraft:dirt":15,"minecraft:stone":71,"minecraft:wall_torch":1},"minecraft:killed":{"minecraft:sheep":3,"minecraft:pig":1},"minecraft:crafted":{"minecraft:oak_planks":40,"minecraft:crafting_table":1,"minecraft:wooden_pickaxe":1,"minecraft:stone_pickaxe":1,"minecraft:wooden_axe":1,"minecraft:white_bed":1,"minecraft:torch":12}},"DataVersion":3465}