{"stats":{"minecraft:used":{"minecraft:oak_trapdoor":1,"minecraft:cooked_mutton":9,"minecraft:cherry_sapling":17,"minecraft:stone_pickaxe":148,"minecraft:chest":3,"minecraft:wooden_pickaxe":33,"minecraft:torch":4,"minecraft:dirt":52,"minecraft:crafting_table":12,"minecraft:white_bed":7,"minecraft:wooden_axe":43,"minecraft:iron_axe":96,"minecraft:stone_axe":113,"minecraft:cobblestone":29,"minecraft:furnace":6,"minecraft:cooked_porkchop":2,"minecraft:andesite":7,"minecraft:cooked_beef":4},"minecraft:picked_up":{"minecraft:pink_petals":22,"minecraft:music_disc_strad":1,"minecraft:crafting_table":11,"minecraft:cherry_planks":40,"minecraft:andesite":7,"minecraft:leather":4,"minecraft:oak_log":38,"minecraft:dirt":81,"minecraft:cooked_mutton":1,"minecraft:bone":20,"minecraft:apple":3,"minecraft:bow":1,"minecraft:wheat_seeds":11,"minecraft:beef":4,"minecraft:iron_boots":1,"minecraft:furnace":3,"minecraft:dark_oak_sapling":13,"minecraft:stick":94,"minecraft:raw_iron":8,"minecraft:torch":3,"minecraft:porkchop":9,"minecraft:cherry_log":164,"minecraft:white_bed":6,"minecraft:dark_oak_log":117,"minecraft:spider_eye":1,"minecraft:bundle":2,"minecraft:arrow":3,"minecraft:rotten_flesh":19,"minecraft:peony":6,"minecraft:cherry_sapling":119,"minecraft:gray_wool":1,"pfm:furniture_book":1,"minecraft:oak_sapling":35,"minecraft:skeleton_skull":1,"minecraft:iron_bars":3,"minecraft:mutton":10,"minecraft:coal":56,"minecraft:white_wool":5,"minecraft:cobblestone":100},"minecraft:custom":{"minecraft:interact_with_furnace":47,"minecraft:mob_kills":20,"minecraft:interact_with_crafting_table":20,"minecraft:time_since_death":74225,"minecraft:sleep_in_bed":7,"minecraft:climb_one_cm":724,"minecraft:time_since_rest":9460,"minecraft:sprint_one_cm":124247,"minecraft:damage_taken":1335,"minecraft:walk_one_cm":277275,"minecraft:drop":9,"minecraft:damage_dealt":2447,"minecraft:swim_one_cm":5557,"minecraft:fly_one_cm":182313,"minecraft:open_chest":20,"minecraft:crouch_one_cm":4118,"minecraft:play_time":74225,"tombstone:undead_killed":5,"minecraft:sneak_time":1102,"minecraft:walk_under_water_one_cm":10036,"minecraft:jump":1382,"minecraft:walk_on_water_one_cm":14416,"minecraft:total_world_time":74225,"minecraft:fall_one_cm":31733},"minecraft:mined":{"minecraft:white_bed":6,"minecraft:cherry_sapling":2,"minecraft:crafting_table":11,"minecraft:torch":1,"minecraft:grass_block":38,"iceandfire:ghost_chest":1,"minecraft:brown_mushroom_block":1,"minecraft:tall_grass":13,"minecraft:wall_torch":2,"minecraft:pink_petals":4,"minecraft:large_fern":1,"minecraft:furnace":3,"minecraft:iron_ore":8,"minecraft:andesite":6,"treechop:chopped_log":15,"minecraft:peony":8,"minecraft:grass":72,"minecraft:coal_ore":56,"minecraft:oak_log":1,"minecraft:iron_bars":3,"minecraft:dirt":40,"minecraft:stone":100},"minecraft:killed":{"minecraft:pig":5,"minecraft:spider":1,"minecraft:skeleton":2,"minecraft:sheep":6,"minecraft:zombie":3,"minecraft:cow":2},"minecraft:dropped":{"minecraft:wheat_seeds":2,"minecraft:oak_trapdoor":1,"minecraft:rotten_flesh":4,"minecraft:dirt":6,"minecraft:spider_eye":1,"minecraft:iron_bars":3,"minecraft:bone":3},"minecraft:broken":{"minecraft:stone_pickaxe":1,"minecraft:stone_axe":1,"minecraft:wooden_axe":1},"minecraft:crafted":{"minecraft:cooked_beef":7,"minecraft:cherry_planks":84,"minecraft:oak_planks":152,"minecraft:cooked_porkchop":8,"minecraft:crafting_table":1,"minecraft:wooden_pickaxe":1,"minecraft:furnace":3,"minecraft:stone_axe":1,"minecraft:cooked_mutton":11,"minecraft:air":0,"minecraft:oak_trapdoor":2,"minecraft:iron_axe":1,"minecraft:stick":4,"minecraft:iron_ingot":8,"minecraft:stone_pickaxe":2,"minecraft:wooden_axe":1,"minecraft:chest":3,"minecraft:white_bed":1,"minecraft:torch":12}},"DataVersion":3465}