{"stats":{"minecraft:picked_up":{"minecraft:music_disc_strad":1,"minecraft:crafting_table":11,"minecraft:wheat":76,"minecraft:enchanted_book":2,"iceandfire:manuscript":7,"minecraft:beef":15,"minecraft:poppy":2,"minecraft:sugar_cane":9,"minecraft:chest":3,"minecraft:iron_boots":1,"minecraft:furnace":4,"minecraft:dark_oak_sapling":13,"minecraft:stick":241,"minecraft:raw_iron":8,"iceandfire:ghost_chest":1,"minecraft:torch":6,"minecraft:porkchop":9,"minecraft:cherry_log":771,"tombstone:grave_dust":3,"iceandfire:silver_ingot":4,"minecraft:arrow":4,"minecraft:rotten_flesh":27,"minecraft:peony":6,"iceandfire:chared_dirt":2,"minecraft:gold_ingot":1,"minecraft:mutton":20,"minecraft:iron_bars":3,"minecraft:skeleton_skull":1,"minecraft:white_wool":12,"minecraft:cobblestone":180,"minecraft:oxeye_daisy":3,"minecraft:birch_log":236,"minecraft:pink_petals":28,"minecraft:cherry_planks":1263,"minecraft:andesite":7,"minecraft:leather":11,"minecraft:oak_log":44,"iceandfire:ectoplasm":7,"minecraft:gunpowder":1,"minecraft:dirt":1275,"minecraft:cooked_mutton":1,"minecraft:bone":36,"minecraft:apple":3,"minecraft:bow":1,"minecraft:wheat_seeds":245,"minecraft:warped_stem":60,"minecraft:cooked_chicken":6,"minecraft:cobweb":8,"iceandfire:chared_stone":1,"minecraft:dandelion":7,"minecraft:sand":86,"minecraft:white_bed":7,"minecraft:dark_oak_log":117,"minecraft:spider_eye":1,"minecraft:bundle":2,"minecraft:diamond_shovel":1,"minecraft:diamond":1,"minecraft:cherry_sapling":402,"minecraft:gray_wool":1,"pfm:furniture_book":1,"minecraft:oak_sapling":36,"minecraft:coal":125,"minecraft:diamond_pickaxe":1},"minecraft:custom":{"minecraft:mob_kills":41,"minecraft:interact_with_anvil":1,"minecraft:animals_bred":13,"minecraft:interact_with_crafting_table":32,"minecraft:leave_game":2,"minecraft:time_since_death":73679,"minecraft:climb_one_cm":724,"minecraft:sprint_one_cm":290982,"minecraft:walk_one_cm":846578,"minecraft:drop":19,"minecraft:talked_to_villager":3,"minecraft:play_time":181275,"minecraft:deaths":2,"minecraft:sneak_time":3641,"minecraft:walk_under_water_one_cm":11445,"minecraft:jump":2964,"minecraft:walk_on_water_one_cm":21691,"minecraft:total_world_time":181275,"minecraft:interact_with_furnace":79,"minecraft:traded_with_villager":1,"minecraft:sleep_in_bed":12,"minecraft:time_since_rest":8260,"minecraft:damage_taken":3349,"minecraft:damage_dealt":5119,"minecraft:swim_one_cm":6036,"minecraft:fly_one_cm":480786,"minecraft:open_chest":160,"minecraft:crouch_one_cm":12805,"tombstone:undead_killed":10,"minecraft:fall_one_cm":73994},"minecraft:killed":{"minecraft:spider":1,"minecraft:skeleton":4,"minecraft:pig":5,"minecraft:creeper":1,"minecraft:sheep":14,"minecraft:zombie":4,"iceandfire:ghost":2,"minecraft:cow":6},"minecraft:used":{"minecraft:oak_trapdoor":1,"minecraft:cherry_sapling":32,"minecraft:iron_shovel":474,"minecraft:poppy":1,"minecraft:chest":8,"minecraft:cooked_chicken":1,"minecraft:torch":11,"minecraft:dirt":499,"minecraft:wooden_axe":43,"minecraft:iron_axe":530,"minecraft:furnace":6,"tombstone:gift":6,"minecraft:cooked_beef":4,"minecraft:cherry_log":21,"minecraft:wheat_seeds":77,"minecraft:cooked_mutton":23,"minecraft:stone_pickaxe":209,"minecraft:wooden_pickaxe":33,"minecraft:cherry_planks":693,"minecraft:crafting_table":12,"minecraft:white_bed":8,"minecraft:diamond_pickaxe":88,"minecraft:oxeye_daisy":1,"minecraft:diamond_shovel":877,"minecraft:stone_axe":113,"minecraft:cobblestone":31,"minecraft:cooked_porkchop":8,"minecraft:andesite":7,"minecraft:glass_pane":14},"minecraft:broken":{"minecraft:iron_shovel":1,"minecraft:stone_pickaxe":1,"minecraft:iron_axe":2,"minecraft:stone_axe":1,"minecraft:wooden_axe":1},"minecraft:dropped":{"minecraft:wheat_seeds":2,"minecraft:cooked_beef":3,"minecraft:cooked_porkchop":2,"iceandfire:ectoplasm":7,"minecraft:dirt":6,"minecraft:oxeye_daisy":1,"minecraft:cobweb":8,"minecraft:bone":16,"minecraft:oak_trapdoor":1,"minecraft:rotten_flesh":10,"minecraft:diamond_shovel":1,"minecraft:poppy":1,"minecraft:spider_eye":1,"minecraft:iron_bars":3},"minecraft:crafted":{"minecraft:cherry_planks":2088,"minecraft:oak_planks":152,"minecraft:furnace":3,"minecraft:cooked_mutton":24,"minecraft:glass_pane":32,"minecraft:oak_trapdoor":2,"minecraft:glass":64,"minecraft:iron_axe":3,"minecraft:stone_pickaxe":2,"minecraft:chest":5,"minecraft:cooked_beef":7,"iceandfire:silver_ingot":1,"minecraft:cooked_porkchop":9,"minecraft:crafting_table":1,"minecraft:wooden_pickaxe":1,"minecraft:baked_potato":8,"minecraft:stone_axe":1,"minecraft:bread":6,"minecraft:air":0,"minecraft:stick":4,"minecraft:iron_ingot":8,"minecraft:wooden_axe":1,"minecraft:iron_shovel":2,"minecraft:white_bed":1,"minecraft:torch":12},"minecraft:mined":{"minecraft:white_bed":6,"minecraft:cherry_log":8,"minecraft:cherry_sapling":8,"minecraft:grass_block":316,"minecraft:brown_mushroom_block":1,"minecraft:large_fern":1,"minecraft:furnace":3,"minecraft:iron_ore":8,"minecraft:fire":3,"minecraft:andesite":6,"treechop:chopped_log":43,"minecraft:peony":8,"minecraft:vine":1,"minecraft:iron_bars":3,"minecraft:stone":179,"minecraft:cherry_planks":50,"minecraft:dandelion":3,"minecraft:crafting_table":11,"minecraft:torch":2,"minecraft:poppy":1,"iceandfire:ghost_chest":2,"minecraft:chest":1,"minecraft:tall_grass":17,"minecraft:sugar_cane":3,"minecraft:wall_torch":4,"minecraft:pink_petals":8,"minecraft:wheat":78,"minecraft:grass":242,"minecraft:oak_log":1,"minecraft:coal_ore":125,"minecraft:sand":97,"minecraft:dirt":1017}},"DataVersion":3465}