{"stats":{"minecraft:mined":{"minecraft:white_bed":6,"minecraft:cherry_log":8,"minecraft:cherry_sapling":8,"minecraft:grass_block":316,"minecraft:brown_mushroom_block":1,"minecraft:large_fern":1,"minecraft:furnace":3,"minecraft:iron_ore":8,"minecraft:fire":3,"minecraft:andesite":6,"treechop:chopped_log":43,"minecraft:peony":8,"minecraft:vine":1,"minecraft:iron_bars":3,"minecraft:stone":168,"minecraft:cherry_planks":41,"minecraft:dandelion":3,"minecraft:crafting_table":11,"minecraft:torch":1,"minecraft:poppy":1,"iceandfire:ghost_chest":2,"minecraft:chest":1,"minecraft:tall_grass":17,"minecraft:sugar_cane":3,"minecraft:wall_torch":2,"minecraft:pink_petals":8,"minecraft:grass":242,"minecraft:oak_log":1,"minecraft:coal_ore":95,"minecraft:sand":97,"minecraft:dirt":1000},"minecraft:used":{"minecraft:oak_trapdoor":1,"minecraft:cherry_sapling":32,"minecraft:iron_shovel":474,"minecraft:poppy":1,"minecraft:chest":6,"minecraft:cooked_chicken":1,"minecraft:torch":4,"minecraft:dirt":367,"minecraft:wooden_axe":43,"minecraft:iron_axe":514,"minecraft:furnace":6,"tombstone:gift":4,"minecraft:cooked_beef":4,"minecraft:cherry_log":21,"minecraft:cooked_mutton":18,"minecraft:stone_pickaxe":209,"minecraft:wooden_pickaxe":33,"minecraft:cherry_planks":400,"minecraft:crafting_table":12,"minecraft:white_bed":8,"minecraft:diamond_pickaxe":46,"minecraft:diamond_shovel":861,"minecraft:stone_axe":113,"minecraft:cobblestone":31,"minecraft:cooked_porkchop":8,"minecraft:andesite":7},"minecraft:killed":{"minecraft:spider":1,"minecraft:skeleton":3,"minecraft:pig":5,"minecraft:creeper":1,"minecraft:sheep":9,"minecraft:zombie":4,"iceandfire:ghost":2,"minecraft:cow":6},"minecraft:broken":{"minecraft:iron_shovel":1,"minecraft:stone_pickaxe":1,"minecraft:iron_axe":2,"minecraft:stone_axe":1,"minecraft:wooden_axe":1},"minecraft:crafted":{"minecraft:cherry_planks":2088,"minecraft:oak_planks":152,"minecraft:furnace":3,"minecraft:cooked_mutton":21,"minecraft:oak_trapdoor":2,"minecraft:iron_axe":3,"minecraft:stone_pickaxe":2,"minecraft:chest":5,"minecraft:cooked_beef":7,"iceandfire:silver_ingot":1,"minecraft:cooked_porkchop":9,"minecraft:crafting_table":1,"minecraft:wooden_pickaxe":1,"minecraft:stone_axe":1,"minecraft:bread":6,"minecraft:air":0,"minecraft:stick":4,"minecraft:iron_ingot":8,"minecraft:wooden_axe":1,"minecraft:iron_shovel":2,"minecraft:white_bed":1,"minecraft:torch":12},"minecraft:picked_up":{"minecraft:music_disc_strad":1,"minecraft:crafting_table":11,"minecraft:enchanted_book":1,"iceandfire:manuscript":7,"minecraft:beef":15,"minecraft:poppy":2,"minecraft:sugar_cane":9,"minecraft:chest":1,"minecraft:iron_boots":1,"minecraft:furnace":3,"minecraft:dark_oak_sapling":13,"minecraft:stick":241,"minecraft:raw_iron":8,"iceandfire:ghost_chest":1,"minecraft:torch":3,"minecraft:porkchop":9,"minecraft:cherry_log":627,"tombstone:grave_dust":3,"iceandfire:silver_ingot":4,"minecraft:arrow":4,"minecraft:rotten_flesh":27,"minecraft:peony":6,"iceandfire:chared_dirt":2,"minecraft:gold_ingot":1,"minecraft:mutton":13,"minecraft:iron_bars":3,"minecraft:skeleton_skull":1,"minecraft:white_wool":8,"minecraft:cobblestone":169,"minecraft:oxeye_daisy":2,"minecraft:pink_petals":28,"minecraft:cherry_planks":81,"minecraft:andesite":7,"minecraft:leather":11,"minecraft:oak_log":44,"iceandfire:ectoplasm":7,"minecraft:gunpowder":1,"minecraft:dirt":1242,"minecraft:cooked_mutton":1,"minecraft:bone":34,"minecraft:apple":3,"minecraft:bow":1,"minecraft:wheat_seeds":30,"minecraft:cooked_chicken":6,"minecraft:cobweb":8,"iceandfire:chared_stone":1,"minecraft:dandelion":7,"minecraft:sand":86,"minecraft:white_bed":7,"minecraft:dark_oak_log":117,"minecraft:spider_eye":1,"minecraft:bundle":2,"minecraft:diamond_shovel":1,"minecraft:diamond":1,"minecraft:cherry_sapling":402,"minecraft:gray_wool":1,"pfm:furniture_book":1,"minecraft:oak_sapling":36,"minecraft:coal":95,"minecraft:diamond_pickaxe":1},"minecraft:custom":{"minecraft:mob_kills":35,"minecraft:interact_with_anvil":1,"minecraft:interact_with_crafting_table":31,"minecraft:leave_game":1,"minecraft:time_since_death":58364,"minecraft:climb_one_cm":724,"minecraft:sprint_one_cm":273211,"minecraft:walk_one_cm":765651,"minecraft:drop":17,"minecraft:talked_to_villager":3,"minecraft:play_time":165960,"minecraft:deaths":2,"minecraft:sneak_time":3564,"minecraft:walk_under_water_one_cm":11445,"minecraft:jump":2777,"minecraft:walk_on_water_one_cm":21691,"minecraft:total_world_time":165960,"minecraft:interact_with_furnace":64,"minecraft:traded_with_villager":1,"minecraft:sleep_in_bed":11,"minecraft:time_since_rest":16000,"minecraft:damage_taken":2941,"minecraft:damage_dealt":4639,"minecraft:swim_one_cm":6036,"minecraft:fly_one_cm":450184,"minecraft:open_chest":134,"minecraft:crouch_one_cm":12465,"tombstone:undead_killed":9,"minecraft:fall_one_cm":68713},"minecraft:dropped":{"minecraft:wheat_seeds":2,"minecraft:cooked_beef":3,"minecraft:cooked_porkchop":2,"iceandfire:ectoplasm":7,"minecraft:dirt":6,"minecraft:cobweb":8,"minecraft:bone":14,"minecraft:oak_trapdoor":1,"minecraft:rotten_flesh":10,"minecraft:diamond_shovel":1,"minecraft:poppy":1,"minecraft:spider_eye":1,"minecraft:iron_bars":3}},"DataVersion":3465}