{"stats":{"minecraft:used":{"minecraft:oak_trapdoor":1,"minecraft:cooked_mutton":7,"minecraft:stone_pickaxe":148,"minecraft:chest":2,"minecraft:wooden_pickaxe":33,"minecraft:torch":4,"minecraft:dirt":52,"minecraft:crafting_table":12,"minecraft:white_bed":5,"minecraft:wooden_axe":43,"minecraft:stone_axe":81,"minecraft:cobblestone":29,"minecraft:furnace":6,"minecraft:cooked_porkchop":2,"minecraft:andesite":7,"minecraft:cooked_beef":4},"minecraft:picked_up":{"minecraft:music_disc_strad":1,"minecraft:crafting_table":11,"minecraft:andesite":7,"minecraft:leather":4,"minecraft:oak_log":38,"minecraft:dirt":70,"minecraft:cooked_mutton":1,"minecraft:bone":20,"minecraft:apple":3,"minecraft:bow":1,"minecraft:wheat_seeds":2,"minecraft:beef":4,"minecraft:iron_boots":1,"minecraft:furnace":3,"minecraft:dark_oak_sapling":13,"minecraft:stick":29,"minecraft:raw_iron":8,"minecraft:torch":3,"minecraft:porkchop":8,"minecraft:cherry_log":21,"minecraft:white_bed":5,"minecraft:dark_oak_log":117,"minecraft:spider_eye":1,"minecraft:bundle":2,"minecraft:arrow":3,"minecraft:rotten_flesh":17,"minecraft:peony":6,"minecraft:cherry_sapling":15,"minecraft:gray_wool":1,"pfm:furniture_book":1,"minecraft:oak_sapling":35,"minecraft:skeleton_skull":1,"minecraft:iron_bars":3,"minecraft:mutton":10,"minecraft:coal":56,"minecraft:white_wool":5,"minecraft:cobblestone":100},"minecraft:custom":{"minecraft:interact_with_furnace":44,"minecraft:mob_kills":18,"minecraft:interact_with_crafting_table":16,"minecraft:time_since_death":62225,"minecraft:sleep_in_bed":6,"minecraft:climb_one_cm":724,"minecraft:time_since_rest":14660,"minecraft:sprint_one_cm":110969,"minecraft:damage_taken":1196,"minecraft:walk_one_cm":217430,"minecraft:drop":9,"minecraft:damage_dealt":2147,"minecraft:swim_one_cm":5557,"minecraft:fly_one_cm":147131,"minecraft:open_chest":10,"minecraft:crouch_one_cm":4118,"minecraft:play_time":62225,"tombstone:undead_killed":4,"minecraft:sneak_time":1102,"minecraft:walk_under_water_one_cm":10036,"minecraft:jump":1181,"minecraft:walk_on_water_one_cm":14082,"minecraft:total_world_time":62225,"minecraft:fall_one_cm":27044},"minecraft:mined":{"minecraft:white_bed":5,"minecraft:crafting_table":11,"minecraft:torch":1,"minecraft:grass_block":33,"iceandfire:ghost_chest":1,"minecraft:brown_mushroom_block":1,"minecraft:tall_grass":1,"minecraft:wall_torch":2,"minecraft:large_fern":1,"minecraft:furnace":3,"minecraft:iron_ore":8,"minecraft:andesite":6,"treechop:chopped_log":6,"minecraft:peony":8,"minecraft:grass":12,"minecraft:coal_ore":56,"minecraft:oak_log":1,"minecraft:iron_bars":3,"minecraft:dirt":36,"minecraft:stone":100},"minecraft:killed":{"minecraft:pig":4,"minecraft:spider":1,"minecraft:skeleton":2,"minecraft:sheep":6,"minecraft:zombie":2,"minecraft:cow":2},"minecraft:dropped":{"minecraft:wheat_seeds":2,"minecraft:oak_trapdoor":1,"minecraft:rotten_flesh":4,"minecraft:dirt":6,"minecraft:spider_eye":1,"minecraft:iron_bars":3,"minecraft:bone":3},"minecraft:broken":{"minecraft:stone_pickaxe":1,"minecraft:wooden_axe":1},"minecraft:crafted":{"minecraft:cooked_beef":4,"minecraft:oak_planks":152,"minecraft:cooked_porkchop":7,"minecraft:crafting_table":1,"minecraft:wooden_pickaxe":1,"minecraft:furnace":3,"minecraft:stone_axe":1,"minecraft:cooked_mutton":11,"minecraft:air":0,"minecraft:oak_trapdoor":2,"minecraft:stick":4,"minecraft:iron_ingot":8,"minecraft:stone_pickaxe":2,"minecraft:wooden_axe":1,"minecraft:chest":2,"minecraft:white_bed":1,"minecraft:torch":12}},"DataVersion":3465}