{"stats":{"minecraft:used":{"minecraft:crafting_table":1},"minecraft:picked_up":{"minecraft:stick":6,"minecraft:oak_log":5,"minecraft:oak_sapling":2},"minecraft:custom":{"minecraft:jump":6,"minecraft:time_since_rest":2292,"minecraft:crouch_one_cm":185,"minecraft:sprint_one_cm":1496,"minecraft:play_time":2292,"minecraft:time_since_death":2292,"minecraft:walk_one_cm":822,"minecraft:sneak_time":35,"minecraft:total_world_time":2292,"minecraft:interact_with_crafting_table":1,"minecraft:fall_one_cm":420,"minecraft:fly_one_cm":840},"minecraft:mined":{"minecraft:grass":1,"treechop:chopped_log":1,"minecraft:oak_leaves":1},"minecraft:crafted":{"minecraft:crafting_table":1,"minecraft:oak_planks":20}},"DataVersion":3465}