{"stats":{"minecraft:broken":{"minecraft:golden_leggings":1,"minecraft:iron_axe":1,"minecraft:iron_helmet":1},"minecraft:custom":{"minecraft:mob_kills":46,"minecraft:animals_bred":2,"minecraft:interact_with_crafting_table":31,"minecraft:bell_ring":1,"minecraft:leave_game":4,"minecraft:time_since_death":75650,"minecraft:climb_one_cm":140,"minecraft:sprint_one_cm":427243,"minecraft:walk_one_cm":370419,"minecraft:damage_blocked_by_shield":930,"minecraft:drop":61,"minecraft:talked_to_villager":170,"minecraft:play_time":180249,"minecraft:sneak_time":6831,"minecraft:deaths":14,"minecraft:walk_under_water_one_cm":34670,"minecraft:jump":3821,"minecraft:walk_on_water_one_cm":35300,"minecraft:total_world_time":180249,"minecraft:interact_with_furnace":68,"minecraft:traded_with_villager":73,"minecraft:sleep_in_bed":12,"minecraft:waystone_activated":1,"minecraft:time_since_rest":1240,"minecraft:damage_taken":6496,"tombstone:sneak_grave":2,"minecraft:damage_dealt":10664,"minecraft:swim_one_cm":50273,"minecraft:fly_one_cm":697055,"minecraft:open_chest":69,"minecraft:crouch_one_cm":16919,"tombstone:undead_killed":17,"minecraft:fall_one_cm":102654},"minecraft:mined":{"minecraft:white_bed":8,"minecraft:spruce_fence":1,"minecraft:grass_block":35,"iceandfire:lectern":1,"iceandfire:chared_dirt":17,"minecraft:spruce_leaves":4,"minecraft:composter":3,"minecraft:magma_block":1,"minecraft:spruce_sapling":1,"minecraft:furnace":11,"minecraft:iron_ore":36,"minecraft:fire":25,"iceandfire:chared_gravel":15,"minecraft:andesite":14,"treechop:chopped_log":8,"minecraft:fletching_table":4,"iceandfire:gold_pile":25,"minecraft:water_cauldron":4,"minecraft:stone":55,"iceandfire:podium_spruce":1,"minecraft:crafting_table":8,"minecraft:cornflower":1,"minecraft:torch":4,"minecraft:emerald_ore":1,"iceandfire:ghost_chest":1,"minecraft:lectern":79,"minecraft:tall_grass":23,"minecraft:cobblestone":2,"minecraft:lapis_ore":2,"minecraft:sugar_cane":16,"minecraft:oak_planks":9,"minecraft:diorite":1,"minecraft:wall_torch":3,"minecraft:pink_petals":2,"minecraft:wheat":6,"minecraft:spruce_log":6,"minecraft:birch_leaves":1,"minecraft:grass":76,"minecraft:oak_log":1,"minecraft:coal_ore":14,"minecraft:gravel":14,"minecraft:dirt":104,"minecraft:oak_leaves":1,"iceandfire:chared_stone":12},"minecraft:picked_up":{"minecraft:crafting_table":8,"minecraft:wheat":5,"minecraft:chicken":5,"iceandfire:chain":3,"minecraft:enchanted_book":1,"minecraft:string":5,"iceandfire:bestiary":1,"minecraft:gold_nugget":228,"minecraft:beef":8,"minecraft:poppy":4,"alexsmobs:raccoon_tail":1,"minecraft:lectern":79,"minecraft:sugar_cane":34,"iceandfire:dragonscales_red":12,"minecraft:furnace":11,"minecraft:egg":3,"minecraft:dark_oak_sapling":3,"minecraft:stick":66,"minecraft:raw_iron":93,"iceandfire:ghost_chest":1,"minecraft:composter":3,"minecraft:oak_fence":6,"minecraft:torch":24,"minecraft:spruce_fence":1,"minecraft:porkchop":11,"tombstone:grave_dust":2,"minecraft:cherry_log":7,"minecraft:diorite":1,"alexsmobs:crocodile_scute":1,"minecraft:cauldron":8,"minecraft:arrow":4,"minecraft:rotten_flesh":6,"iceandfire:chared_dirt":17,"minecraft:obsidian":1,"minecraft:mutton":15,"minecraft:white_wool":20,"minecraft:cobblestone":54,"minecraft:pink_petals":8,"minecraft:magma_block":1,"minecraft:feather":7,"minecraft:andesite":13,"minecraft:leather":4,"minecraft:flint":4,"minecraft:oak_log":30,"minecraft:lapis_lazuli":13,"minecraft:dirt":132,"tombstone:gift":1,"minecraft:bone":3,"minecraft:apple":1,"minecraft:wheat_seeds":25,"minecraft:iron_ingot":8,"minecraft:cooked_chicken":7,"minecraft:fletching_table":4,"iceandfire:fire_dragon_flesh":5,"minecraft:oak_planks":9,"minecraft:oak_slab":2,"iceandfire:chared_stone":9,"iceandfire:podium_spruce":2,"minecraft:dandelion":2,"minecraft:gravel":10,"iceandfire:dragon_skull_fire":1,"minecraft:spruce_sapling":49,"minecraft:white_bed":9,"minecraft:spruce_log":316,"minecraft:dark_oak_log":40,"minecraft:spider_eye":1,"minecraft:bundle":1,"iceandfire:lectern":1,"minecraft:cherry_sapling":8,"minecraft:emerald":1,"tombstone:magic_scroll":1,"minecraft:oak_sapling":13,"minecraft:coal":92,"iceandfire:chared_gravel":13},"minecraft:crafted":{"minecraft:cherry_planks":28,"minecraft:oak_planks":104,"minecraft:cooked_chicken":5,"minecraft:furnace":1,"minecraft:bone_meal":9,"minecraft:spruce_fence":45,"minecraft:white_carpet":12,"minecraft:bookshelf":4,"minecraft:cooked_mutton":7,"minecraft:iron_axe":2,"minecraft:iron_hoe":1,"iceandfire:armor_red_leggings":1,"minecraft:stone_pickaxe":1,"minecraft:chest":3,"minecraft:dark_oak_planks":628,"minecraft:stone_hoe":1,"minecraft:oak_fence":3,"iceandfire:chain":1,"minecraft:cooked_beef":5,"minecraft:oak_slab":18,"minecraft:emerald":52,"minecraft:cooked_porkchop":5,"minecraft:crafting_table":2,"minecraft:spruce_planks":488,"minecraft:iron_helmet":1,"minecraft:wooden_pickaxe":1,"minecraft:bucket":1,"minecraft:stone_axe":1,"minecraft:enchanted_book":1,"minecraft:bread":120,"minecraft:air":0,"minecraft:lectern":4,"minecraft:white_wool":1,"minecraft:iron_chestplate":1,"minecraft:shield":1,"minecraft:stick":1944,"minecraft:iron_ingot":30,"minecraft:iron_pickaxe":1,"minecraft:wooden_axe":1,"minecraft:gold_ingot":25,"minecraft:white_bed":4,"minecraft:torch":4,"minecraft:shears":1},"minecraft:used":{"minecraft:poppy":2,"minecraft:spruce_planks":30,"minecraft:chest":3,"minecraft:shield":36,"minecraft:cooked_chicken":9,"minecraft:iron_chestplate":1,"minecraft:torch":24,"minecraft:dirt":164,"minecraft:mutton":5,"minecraft:white_carpet":11,"minecraft:spruce_fence":35,"minecraft:iron_hoe":88,"minecraft:wooden_axe":18,"minecraft:iron_axe":325,"iceandfire:ghost_chest":1,"iceandfire:chared_stone":7,"minecraft:furnace":12,"tombstone:gift":8,"minecraft:cooked_beef":5,"minecraft:wheat_seeds":18,"minecraft:cooked_mutton":7,"minecraft:water_bucket":102,"minecraft:diorite":1,"minecraft:stone_pickaxe":45,"minecraft:oak_planks":70,"minecraft:wooden_pickaxe":3,"minecraft:composter":1,"minecraft:fletching_table":4,"iceandfire:chared_dirt":4,"minecraft:crafting_table":10,"minecraft:white_bed":13,"minecraft:spruce_log":2,"minecraft:oak_log":4,"minecraft:apple":1,"minecraft:bread":13,"minecraft:string":1,"minecraft:iron_pickaxe":151,"minecraft:lectern":80,"tombstone:magic_scroll":2,"tombstone:grave_key":1,"minecraft:spruce_sapling":50,"minecraft:stone_axe":82,"minecraft:pink_petals":8,"iceandfire:chared_gravel":8,"minecraft:fire_charge":1,"minecraft:cobblestone":35,"minecraft:porkchop":3,"minecraft:cooked_porkchop":5,"minecraft:andesite":13,"minecraft:bucket":103,"minecraft:bone_meal":9},"minecraft:dropped":{"iceandfire:chared_stone":2,"minecraft:enchanted_book":1,"minecraft:stone_hoe":1,"minecraft:bread":61,"minecraft:oak_slab":4,"minecraft:wheat_seeds":7,"minecraft:dark_oak_sapling":3,"minecraft:oak_fence":9,"iceandfire:chared_dirt":2,"minecraft:golden_axe":1,"minecraft:cobblestone":3,"iceandfire:fire_dragon_flesh":5,"minecraft:stick":9,"iceandfire:podium_spruce":1,"minecraft:wooden_axe":1,"iceandfire:chared_gravel":5,"iceandfire:dragonscales_red":5,"tombstone:grave_dust":2,"minecraft:gold_nugget":5,"minecraft:string":3,"iceandfire:dragon_skull_fire":1,"minecraft:dandelion":2,"minecraft:cauldron":4,"minecraft:stone_axe":1,"minecraft:cooked_chicken":3,"alexsmobs:animal_dictionary":1,"minecraft:obsidian":1,"minecraft:composter":2,"minecraft:rotten_flesh":4,"minecraft:oak_planks":2,"minecraft:golden_shovel":1,"minecraft:spruce_fence":11,"minecraft:poppy":2,"iceandfire:ghost_chest":1,"minecraft:bundle":1,"minecraft:oak_sapling":13,"iceandfire:lectern":1,"minecraft:spider_eye":1,"pfm:furniture_book":1,"minecraft:arrow":1,"minecraft:wooden_pickaxe":1,"minecraft:stone_pickaxe":1,"minecraft:magma_block":1},"minecraft:killed":{"alexsmobs:raccoon":1,"minecraft:spider":3,"minecraft:skeleton":6,"iceandfire:fire_dragon":1,"minecraft:chicken":5,"minecraft:pig":4,"minecraft:zombie_villager":1,"minecraft:iron_golem":1,"minecraft:sheep":9,"minecraft:zombie":7,"alexsmobs:crocodile":1,"iceandfire:ghost":3,"alexsmobs:crow":1,"minecraft:cow":2}},"DataVersion":3465}