{"stats":{"minecraft:broken":{"minecraft:golden_leggings":1,"minecraft:iron_axe":4,"minecraft:iron_helmet":1},"minecraft:custom":{"minecraft:animals_bred":28,"minecraft:interact_with_crafting_table":71,"minecraft:bell_ring":1,"minecraft:leave_game":10,"minecraft:time_since_death":529867,"minecraft:sprint_one_cm":1450149,"minecraft:damage_blocked_by_shield":1005,"minecraft:drop":530,"minecraft:talked_to_villager":577,"minecraft:play_time":634466,"minecraft:deaths":14,"minecraft:jump":11704,"minecraft:walk_on_water_one_cm":91140,"minecraft:interact_with_furnace":82,"minecraft:traded_with_villager":1107,"minecraft:sleep_in_bed":37,"minecraft:waystone_activated":1,"tombstone:sneak_grave":2,"minecraft:damage_dealt":67998,"minecraft:crouch_one_cm":57130,"tombstone:undead_killed":50,"minecraft:interact_with_smithing_table":1,"minecraft:interact_with_anvil":14,"minecraft:mob_kills":171,"minecraft:climb_one_cm":276,"minecraft:walk_one_cm":1164989,"minecraft:sneak_time":21329,"minecraft:walk_under_water_one_cm":61029,"minecraft:boat_one_cm":305280,"minecraft:interact_with_blast_furnace":1,"minecraft:total_world_time":634466,"tombstone:raider_killed":1,"minecraft:interact_with_grindstone":2,"minecraft:time_since_rest":41266,"minecraft:damage_taken":12984,"minecraft:trigger_trapped_chest":1,"minecraft:swim_one_cm":108102,"minecraft:fly_one_cm":2488511,"minecraft:open_chest":343,"minecraft:fall_one_cm":386109},"minecraft:crafted":{"minecraft:grindstone":1,"minecraft:oak_planks":128,"minecraft:chainmail_helmet":3,"minecraft:barrel":3,"minecraft:cooked_chicken":5,"minecraft:stone":3,"minecraft:diamond_shovel":3,"minecraft:bookshelf":5,"minecraft:cooked_mutton":7,"minecraft:glass":3,"minecraft:hopper":1,"minecraft:diamond_helmet":1,"minecraft:diamond_leggings":1,"minecraft:chest":11,"minecraft:stone_hoe":35,"minecraft:oak_fence":3,"minecraft:glass_bottle":3,"minecraft:oak_slab":18,"sophisticatedbackpacks:backpack":1,"minecraft:emerald":889,"minecraft:cooked_porkchop":5,"minecraft:diamond_axe":1,"minecraft:crafting_table":5,"minecraft:spruce_planks":12272,"minecraft:wooden_pickaxe":1,"minecraft:iron_helmet":11,"minecraft:smithing_table":1,"minecraft:fletching_table":3,"minecraft:birch_planks":28,"minecraft:pumpkin_seeds":12,"minecraft:spruce_trapdoor":2,"iceandfire:dragonbone_sword_ice":1,"minecraft:lectern":4,"minecraft:iron_chestplate":1,"minecraft:diamond_pickaxe":1,"minecraft:shield":13,"sophisticatedbackpacks:diamond_backpack":1,"minecraft:stick":26404,"minecraft:stone_slab":6,"minecraft:iron_ingot":30,"minecraft:iron_pickaxe":2,"minecraft:iron_block":3,"minecraft:gold_ingot":41,"iceandfire:armor_bronze_helmet":1,"minecraft:shears":1,"minecraft:cherry_planks":552,"minecraft:oak_door":6,"minecraft:stone_shovel":24,"minecraft:diamond_hoe":5,"minecraft:spruce_button":13,"minecraft:furnace":2,"minecraft:bone_meal":24,"minecraft:spruce_fence":45,"minecraft:white_carpet":15,"minecraft:flint_and_steel":1,"minecraft:iron_axe":26,"minecraft:iron_hoe":1,"minecraft:spruce_slab":12,"minecraft:stone_pickaxe":1,"iceandfire:armor_red_leggings":1,"minecraft:diamond_boots":1,"iceandfire:armor_bronze_chestplate":1,"minecraft:spruce_boat":1,"minecraft:dark_oak_planks":628,"minecraft:chainmail_leggings":12,"sophisticatedbackpacks:iron_backpack":1,"iceandfire:chain":1,"minecraft:cooked_beef":5,"iceandfire:dragonbone_sword":1,"minecraft:diamond_sword":1,"minecraft:spruce_sign":12,"iceandfire:armor_bronze_boots":1,"sophisticatedbackpacks:gold_backpack":1,"minecraft:bucket":1,"minecraft:stone_axe":1,"minecraft:enchanted_book":16,"minecraft:air":0,"minecraft:bread":414,"minecraft:oak_boat":1,"minecraft:white_wool":1,"minecraft:wooden_axe":1,"minecraft:anvil":1,"minecraft:white_bed":17,"minecraft:torch":4,"minecraft:diamond_chestplate":1},"minecraft:dropped":{"iceandfire:chared_stone":2,"minecraft:warped_stem":60,"minecraft:brown_mushroom":2,"minecraft:porkchop":2,"minecraft:oak_log":7,"minecraft:glass_bottle":2,"minecraft:crafting_table":1,"minecraft:dark_oak_sapling":3,"iceandfire:chared_dirt":2,"iceandfire:fire_dragon_flesh":9,"minecraft:cracked_stone_bricks":1,"minecraft:dirt":26,"minecraft:cracked_polished_blackstone_bricks":1,"minecraft:packed_ice":2,"minecraft:polished_blackstone_brick_stairs":1,"iceandfire:chared_gravel":5,"iceandfire:dragonscales_red":5,"minecraft:gilded_blackstone":1,"minecraft:gold_nugget":10,"minecraft:bone_meal":1,"minecraft:iron_pickaxe":2,"minecraft:birch_log":246,"minecraft:white_wool":16,"minecraft:cauldron":4,"minecraft:bone":7,"minecraft:gravel":3,"minecraft:stone_axe":1,"minecraft:cobbled_deepslate":5,"minecraft:cooked_chicken":3,"alexsmobs:animal_dictionary":1,"minecraft:birch_sapling":25,"minecraft:obsidian":1,"minecraft:rotten_flesh":17,"minecraft:oak_planks":5,"minecraft:diamond_shovel":1,"minecraft:golden_shovel":1,"minecraft:white_bed":1,"iceandfire:crackled_gravel":1,"minecraft:salmon":4,"minecraft:poppy":12,"alexsmobs:blood_sac":1,"iceandfire:ghost_chest":1,"minecraft:spruce_slab":6,"minecraft:basalt":5,"minecraft:arrow":1,"minecraft:warped_wart_block":145,"minecraft:crying_obsidian":2,"minecraft:netherrack":2,"minecraft:stone_hoe":35,"minecraft:enchanted_book":2,"minecraft:iron_ingot":5,"minecraft:bread":201,"minecraft:oak_slab":4,"minecraft:stripped_spruce_log":1,"minecraft:wheat_seeds":123,"minecraft:cherry_log":3,"minecraft:iron_helmet":22,"minecraft:golden_axe":2,"minecraft:oak_fence":9,"minecraft:feather":1,"minecraft:cobblestone":14,"minecraft:apple":1,"minecraft:granite":8,"minecraft:spruce_button":17,"minecraft:chainmail_helmet":9,"minecraft:stick":25,"minecraft:oxeye_daisy":1,"iceandfire:podium_spruce":1,"minecraft:diorite":9,"iceandfire:copper_nugget":34,"minecraft:wooden_axe":1,"minecraft:cherry_planks":8,"minecraft:diamond_helmet":3,"tombstone:grave_dust":3,"minecraft:oak_stairs":3,"minecraft:iron_axe":39,"minecraft:chainmail_leggings":15,"minecraft:string":8,"iceandfire:dragon_skull_fire":3,"minecraft:spruce_sapling":151,"minecraft:dandelion":3,"iceandfire:dragonbone":3,"minecraft:moss_carpet":2,"minecraft:kelp":2,"minecraft:coarse_dirt":2,"minecraft:raw_copper":24,"minecraft:diamond_hoe":6,"minecraft:composter":2,"minecraft:stone_shovel":25,"minecraft:iron_hoe":1,"minecraft:stripped_oak_log":2,"minecraft:stone_slab":5,"minecraft:spruce_fence":11,"alexsmobs:bear_fur":2,"minecraft:pumpkin_seeds":22,"minecraft:shroomlight":4,"minecraft:shield":19,"minecraft:diamond_chestplate":1,"minecraft:andesite":6,"minecraft:spruce_planks":1,"minecraft:bundle":3,"minecraft:diamond_pickaxe":2,"minecraft:iron_chestplate":1,"minecraft:oak_sapling":20,"iceandfire:lectern":1,"minecraft:spider_eye":1,"minecraft:spruce_log":7,"pfm:furniture_book":1,"minecraft:diamond_boots":3,"iceandfire:fire_dragon_heart":1,"minecraft:bow":1,"minecraft:stone_pickaxe":1,"minecraft:wooden_pickaxe":1,"minecraft:magma_cream":2,"minecraft:magma_block":1,"iceandfire:dragon_skull_lightning":1},"minecraft:used":{"minecraft:spruce_slab":3,"minecraft:poppy":12,"minecraft:chest":9,"minecraft:shield":45,"minecraft:rotten_flesh":5,"minecraft:iron_chestplate":1,"minecraft:soul_sand":4,"minecraft:mutton":9,"minecraft:axolotl_bucket":5,"minecraft:obsidian":10,"minecraft:spruce_boat":3,"minecraft:lava_bucket":1,"minecraft:birch_sapling":68,"iceandfire:ghost_chest":1,"iceandfire:chared_stone":7,"minecraft:oak_sapling":1,"minecraft:furnace":13,"minecraft:dark_oak_sapling":1,"iceandfire:armor_bronze_boots":1,"minecraft:diorite":2,"minecraft:stone_pickaxe":45,"minecraft:oak_planks":77,"minecraft:blackstone":27,"iceandfire:dragonbone_sword_ice":193,"minecraft:wooden_pickaxe":3,"minecraft:composter":2,"minecraft:diamond_axe":444,"minecraft:white_wool":1,"minecraft:sand":1,"minecraft:blast_furnace":7,"iceandfire:lightning_dragon_flesh":3,"minecraft:string":1,"minecraft:bread":168,"minecraft:lectern":169,"tombstone:grave_key":1,"minecraft:gravel":19,"minecraft:diamond_sword":242,"minecraft:fire_charge":2,"iceandfire:dragon_skull_fire":1,"minecraft:grindstone":6,"minecraft:smithing_table":6,"minecraft:andesite":14,"minecraft:birch_log":49,"minecraft:stripped_cherry_log":1,"minecraft:oak_boat":2,"minecraft:bone_meal":24,"minecraft:flint_and_steel":18,"minecraft:spruce_planks":39,"minecraft:cooked_chicken":9,"minecraft:netherrack":45,"minecraft:oak_door":7,"minecraft:torch":28,"minecraft:dirt":416,"minecraft:anvil":1,"minecraft:white_carpet":19,"minecraft:hopper":1,"minecraft:spruce_fence":35,"minecraft:shroomlight":4,"minecraft:iron_hoe":88,"minecraft:wooden_axe":18,"minecraft:bookshelf":1,"minecraft:iron_axe":898,"minecraft:oak_stairs":3,"minecraft:spruce_button":10,"minecraft:barrel":3,"minecraft:basalt":18,"tombstone:gift":10,"minecraft:cooked_beef":5,"minecraft:cherry_log":71,"minecraft:cobbled_deepslate":12,"minecraft:wheat_seeds":144,"minecraft:cooked_mutton":7,"minecraft:water_bucket":192,"minecraft:birch_planks":12,"minecraft:cherry_planks":107,"minecraft:spruce_sign":9,"minecraft:fletching_table":20,"minecraft:polished_blackstone_bricks":5,"iceandfire:chared_dirt":4,"minecraft:crafting_table":17,"minecraft:white_bed":27,"minecraft:spruce_log":36,"minecraft:oak_log":4,"minecraft:diamond_pickaxe":438,"minecraft:apple":1,"minecraft:diamond_shovel":543,"minecraft:iron_pickaxe":267,"tombstone:magic_scroll":2,"minecraft:spruce_trapdoor":3,"minecraft:spruce_sapling":208,"minecraft:stone_axe":82,"minecraft:pink_petals":8,"iceandfire:chared_gravel":8,"minecraft:cobblestone":35,"minecraft:porkchop":3,"minecraft:cooked_porkchop":5,"minecraft:bucket":199,"alexsmobs:animal_dictionary":4,"minecraft:dandelion":1},"minecraft:mined":{"minecraft:spruce_planks":9,"minecraft:white_bed":9,"minecraft:cherry_log":22,"minecraft:obsidian":10,"minecraft:spruce_trapdoor":1,"minecraft:granite":13,"minecraft:grass_block":135,"minecraft:cracked_polished_blackstone_bricks":1,"iceandfire:lectern":1,"minecraft:soul_soil":10,"minecraft:composter":4,"minecraft:gilded_blackstone":1,"minecraft:spawner":2,"minecraft:polished_blackstone_bricks":5,"minecraft:tall_seagrass":1,"minecraft:magma_block":2,"minecraft:sculk_catalyst":1,"minecraft:iron_ore":36,"minecraft:fire":54,"minecraft:pumpkin":3,"minecraft:fletching_table":17,"minecraft:dirt_path":4,"iceandfire:gold_pile":25,"minecraft:water_cauldron":4,"minecraft:blackstone":27,"minecraft:soul_fire":2,"minecraft:torch":4,"iceandfire:dragon_ice_spikes":3,"minecraft:blast_furnace":6,"minecraft:calcite":1,"iceandfire:ghost_chest":1,"minecraft:nether_quartz_ore":29,"minecraft:cobblestone":2,"minecraft:oak_planks":16,"minecraft:sugar_cane":16,"minecraft:grindstone":5,"minecraft:wall_torch":5,"minecraft:amethyst_block":1,"minecraft:pink_petals":2,"minecraft:warped_nylium":1,"minecraft:birch_log":2,"minecraft:wheat":71,"minecraft:grass":214,"minecraft:oak_log":3,"minecraft:sand":4,"minecraft:dirt":187,"minecraft:smooth_basalt":2,"minecraft:netherrack":64,"minecraft:deepslate":53,"minecraft:oak_leaves":10,"iceandfire:chared_stone":12,"minecraft:nether_gold_ore":1,"minecraft:deepslate_diamond_ore":13,"minecraft:oak_door":1,"minecraft:stripped_cherry_log":1,"minecraft:spruce_fence":1,"iceandfire:chared_dirt":17,"minecraft:spruce_leaves":19,"minecraft:spruce_sapling":19,"minecraft:furnace":12,"minecraft:andesite":21,"iceandfire:chared_gravel":15,"minecraft:stripped_spruce_log":1,"treechop:chopped_log":31,"minecraft:bookshelf":1,"minecraft:vine":1,"minecraft:stone":304,"iceandfire:podium_spruce":1,"minecraft:white_wool":1,"minecraft:smithing_table":5,"minecraft:podzol":6,"minecraft:cherry_planks":70,"minecraft:soul_sand":14,"minecraft:basalt":24,"minecraft:cornflower":1,"minecraft:crafting_table":14,"minecraft:spruce_button":1,"minecraft:emerald_ore":1,"minecraft:lectern":165,"minecraft:copper_ore":6,"minecraft:tall_grass":53,"minecraft:lapis_ore":2,"minecraft:polished_blackstone_brick_stairs":1,"minecraft:sculk":1,"minecraft:diorite":17,"minecraft:birch_planks":12,"minecraft:white_carpet":3,"minecraft:spruce_log":23,"minecraft:birch_leaves":1,"minecraft:coal_ore":14,"minecraft:gravel":42,"minecraft:cobweb":2},"minecraft:picked_up":{"minecraft:wheat":63,"minecraft:smithing_table":5,"minecraft:oak_stairs":6,"minecraft:enchanted_book":1,"minecraft:polished_blackstone_brick_stairs":1,"minecraft:string":12,"minecraft:soul_soil":10,"minecraft:raw_copper":24,"minecraft:shroomlight":8,"alexsmobs:dropbear_claw":2,"alexsmobs:blood_sac":1,"minecraft:gold_nugget":233,"minecraft:cobbled_deepslate":50,"minecraft:spruce_planks":9,"alexsmobs:raccoon_tail":1,"iceandfire:dragonscales_red":12,"minecraft:furnace":12,"minecraft:stick":263,"iceandfire:ghost_chest":1,"minecraft:composter":4,"minecraft:oak_fence":6,"minecraft:torch":29,"minecraft:porkchop":13,"iceandfire:lightning_dragon_flesh":3,"minecraft:golden_axe":1,"minecraft:cherry_log":31,"iceandfire:crackled_gravel":1,"tombstone:grave_dust":8,"minecraft:diorite":11,"minecraft:cauldron":8,"minecraft:rotten_flesh":21,"iceandfire:fire_dragon_heart":5,"minecraft:obsidian":11,"minecraft:cobblestone":238,"minecraft:birch_log":302,"minecraft:pink_petals":8,"minecraft:magma_block":1,"minecraft:feather":8,"minecraft:cherry_planks":66,"minecraft:andesite":20,"alexsmobs:bear_fur":3,"alexsmobs:bison_fur":7,"minecraft:flint":7,"minecraft:lapis_lazuli":13,"minecraft:dirt":361,"iceandfire:dragonscales_bronze":48,"minecraft:bone":25,"minecraft:bow":1,"minecraft:wheat_seeds":239,"minecraft:grindstone":5,"minecraft:fletching_table":17,"minecraft:diamond_helmet":3,"minecraft:oak_planks":16,"iceandfire:podium_spruce":2,"minecraft:warped_wart_block":145,"iceandfire:dragon_skull_fire":6,"minecraft:sand":4,"minecraft:stripped_spruce_log":2,"iceandfire:lightning_dragon_heart":1,"minecraft:dark_oak_log":40,"minecraft:bundle":3,"minecraft:diamond":11,"minecraft:spruce_boat":2,"iceandfire:lectern":1,"waystones:waystone":2,"minecraft:cracked_polished_blackstone_bricks":1,"minecraft:granite":8,"minecraft:bone_meal":1,"minecraft:chainmail_helmet":6,"minecraft:spruce_button":14,"minecraft:emerald":1,"minecraft:bread":4,"alexsmobs:maggot":2,"minecraft:oak_sapling":21,"minecraft:netherrack":47,"minecraft:coarse_dirt":2,"iceandfire:dragon_skull_lightning":1,"minecraft:crafting_table":14,"minecraft:chicken":5,"iceandfire:witherbone":2,"minecraft:brown_mushroom":2,"minecraft:packed_ice":2,"iceandfire:chain":9,"minecraft:stripped_cherry_log":1,"minecraft:shield":7,"minecraft:moss_carpet":2,"minecraft:iron_axe":20,"minecraft:white_carpet":4,"minecraft:blackstone":27,"minecraft:cracked_stone_bricks":1,"iceandfire:bestiary":1,"minecraft:beef":38,"minecraft:oak_boat":1,"minecraft:poppy":22,"minecraft:spruce_slab":3,"minecraft:lectern":165,"minecraft:sugar_cane":34,"minecraft:birch_sapling":93,"minecraft:spruce_trapdoor":1,"minecraft:diamond_hoe":2,"iceandfire:ice_dragon_heart":1,"minecraft:egg":3,"minecraft:dark_oak_sapling":4,"iceandfire:dragonscales_green":24,"minecraft:raw_iron":93,"iceandfire:dragonbone":63,"iceandfire:dragonscales_gray":16,"minecraft:oak_door":1,"minecraft:spruce_fence":1,"minecraft:polished_blackstone_bricks":5,"alexsmobs:crocodile_scute":1,"iceandfire:dragon_skull_ice":1,"minecraft:arrow":15,"minecraft:stone_shovel":1,"minecraft:diamond_chestplate":1,"iceandfire:dragonscales_silver":8,"iceandfire:chared_dirt":17,"minecraft:diamond_boots":3,"minecraft:mutton":27,"minecraft:stripped_oak_log":2,"minecraft:white_wool":154,"minecraft:oxeye_daisy":1,"minecraft:basalt":23,"iceandfire:sea_serpent_fang":9,"minecraft:glow_ink_sac":5,"minecraft:salmon":4,"minecraft:leather":6,"alexsmobs:skreecher_soul":1,"minecraft:birch_planks":31,"minecraft:oak_log":43,"minecraft:gunpowder":2,"tombstone:gift":1,"minecraft:apple":3,"minecraft:kelp":2,"minecraft:warped_stem":60,"minecraft:iron_ingot":91,"minecraft:cooked_chicken":7,"iceandfire:sea_serpent_scales_deepblue":5,"iceandfire:fire_dragon_flesh":19,"minecraft:soul_sand":14,"minecraft:book":3,"minecraft:oak_slab":2,"iceandfire:chared_stone":9,"iceandfire:copper_nugget":34,"minecraft:smooth_basalt":2,"minecraft:pumpkin":3,"minecraft:quartz":28,"minecraft:dandelion":4,"minecraft:gravel":36,"minecraft:spruce_sapling":358,"minecraft:blast_furnace":6,"minecraft:white_bed":11,"minecraft:spruce_log":3174,"minecraft:spider_eye":1,"iceandfire:dragonscales_copper":12,"minecraft:diamond_shovel":1,"minecraft:pumpkin_seeds":10,"minecraft:chainmail_leggings":3,"minecraft:iron_helmet":12,"iceandfire:sea_serpent_scales_red":9,"minecraft:cherry_sapling":8,"tombstone:magic_scroll":1,"iceandfire:chared_gravel":13,"minecraft:coal":95},"minecraft:killed":{"minecraft:cave_spider":2,"minecraft:witch":1,"minecraft:spider":8,"alexsmobs:froststalker":1,"minecraft:skeleton":17,"minecraft:chicken":5,"alexsmobs:straddler":4,"minecraft:piglin_brute":3,"minecraft:cat":1,"minecraft:magma_cube":1,"minecraft:piglin":3,"minecraft:pig":4,"alexsmobs:grizzly_bear":3,"minecraft:zombie_villager":1,"minecraft:salmon":4,"alexsmobs:seal":1,"minecraft:iron_golem":20,"alexsmobs:stradpole":1,"alexsmobs:crimson_mosquito":1,"minecraft:sheep":16,"minecraft:zombie":21,"minecraft:ghast":1,"alexsmobs:fly":3,"minecraft:glow_squid":2,"iceandfire:lightning_dragon":1,"iceandfire:sea_serpent":2,"minecraft:blaze":3,"minecraft:cow":2,"alexsmobs:dropbear":1,"alexsmobs:raccoon":1,"alexsmobs:seagull":1,"alexsmobs:sugar_glider":1,"minecraft:horse":1,"iceandfire:fire_dragon":6,"alexsmobs:soul_vulture":1,"alexsmobs:bison":4,"alexsmobs:skreecher":1,"alexsmobs:cockroach":1,"alexsmobs:crocodile":1,"iceandfire:ghost":3,"iceandfire:ice_dragon":1,"alexsmobs:crow":3,"minecraft:wither_skeleton":7}},"DataVersion":3465}