{"stats":{"minecraft:used":{"minecraft:cooked_mutton":2,"minecraft:water_bucket":4,"minecraft:diorite":1,"minecraft:stone_pickaxe":45,"minecraft:wooden_pickaxe":3,"minecraft:shield":19,"minecraft:cooked_chicken":4,"minecraft:torch":5,"minecraft:dirt":36,"minecraft:crafting_table":7,"minecraft:white_bed":1,"minecraft:wooden_axe":18,"minecraft:apple":1,"minecraft:iron_pickaxe":84,"minecraft:pink_petals":3,"minecraft:stone_axe":80,"minecraft:cobblestone":30,"minecraft:porkchop":1,"minecraft:furnace":9,"minecraft:cooked_porkchop":3,"minecraft:andesite":13,"minecraft:bucket":5,"tombstone:gift":2,"minecraft:cooked_beef":5},"minecraft:picked_up":{"minecraft:pink_petals":5,"minecraft:crafting_table":6,"minecraft:feather":6,"minecraft:chicken":4,"minecraft:andesite":13,"minecraft:leather":4,"minecraft:enchanted_book":1,"minecraft:oak_log":30,"minecraft:string":3,"minecraft:lapis_lazuli":13,"minecraft:dirt":36,"minecraft:bone":1,"minecraft:apple":1,"minecraft:wheat_seeds":2,"minecraft:beef":8,"minecraft:iron_ingot":5,"alexsmobs:raccoon_tail":1,"minecraft:sugar_cane":34,"minecraft:egg":2,"minecraft:furnace":8,"minecraft:raw_iron":81,"minecraft:stick":28,"minecraft:torch":5,"minecraft:porkchop":10,"minecraft:cherry_log":7,"minecraft:diorite":1,"minecraft:white_bed":1,"minecraft:spider_eye":1,"minecraft:bundle":1,"minecraft:arrow":1,"minecraft:rotten_flesh":4,"iceandfire:chared_dirt":2,"minecraft:cherry_sapling":7,"minecraft:emerald":1,"tombstone:magic_scroll":1,"minecraft:oak_sapling":13,"minecraft:mutton":6,"minecraft:coal":77,"minecraft:white_wool":3,"minecraft:cobblestone":52},"minecraft:custom":{"minecraft:interact_with_furnace":33,"minecraft:mob_kills":26,"minecraft:interact_with_crafting_table":13,"minecraft:leave_game":1,"minecraft:time_since_death":8218,"minecraft:sleep_in_bed":1,"minecraft:climb_one_cm":140,"minecraft:time_since_rest":2660,"minecraft:sprint_one_cm":117255,"minecraft:damage_taken":863,"minecraft:walk_one_cm":61064,"minecraft:damage_blocked_by_shield":510,"minecraft:drop":13,"minecraft:damage_dealt":3496,"minecraft:swim_one_cm":14059,"minecraft:fly_one_cm":139594,"minecraft:open_chest":1,"minecraft:crouch_one_cm":4012,"minecraft:play_time":38140,"tombstone:undead_killed":10,"minecraft:deaths":1,"minecraft:sneak_time":1596,"minecraft:walk_under_water_one_cm":1991,"minecraft:jump":871,"minecraft:walk_on_water_one_cm":5649,"minecraft:total_world_time":38140,"minecraft:fall_one_cm":16320},"minecraft:mined":{"minecraft:white_bed":1,"minecraft:crafting_table":6,"minecraft:torch":4,"minecraft:emerald_ore":1,"minecraft:grass_block":4,"minecraft:tall_grass":1,"minecraft:cobblestone":1,"iceandfire:chared_dirt":1,"minecraft:lapis_ore":2,"minecraft:sugar_cane":16,"minecraft:diorite":1,"minecraft:pink_petals":2,"minecraft:furnace":8,"minecraft:iron_ore":36,"minecraft:andesite":14,"treechop:chopped_log":3,"minecraft:grass":10,"minecraft:coal_ore":14,"minecraft:dirt":31,"minecraft:stone":52,"minecraft:oak_leaves":1},"minecraft:killed":{"minecraft:pig":4,"minecraft:zombie_villager":1,"alexsmobs:raccoon":1,"minecraft:spider":1,"minecraft:sheep":3,"minecraft:skeleton":4,"minecraft:zombie":3,"iceandfire:ghost":2,"minecraft:chicken":4,"alexsmobs:crow":1,"minecraft:cow":2},"minecraft:dropped":{"minecraft:stone_hoe":1,"minecraft:wheat_seeds":2,"alexsmobs:animal_dictionary":1,"iceandfire:chared_dirt":1,"minecraft:rotten_flesh":4,"minecraft:bundle":1,"minecraft:wooden_axe":1,"minecraft:oak_sapling":13,"minecraft:spider_eye":1,"pfm:furniture_book":1,"minecraft:stone_pickaxe":1,"minecraft:wooden_pickaxe":1,"minecraft:string":3},"minecraft:crafted":{"minecraft:cooked_beef":5,"minecraft:oak_planks":20,"minecraft:cooked_porkchop":3,"minecraft:crafting_table":1,"minecraft:wooden_pickaxe":1,"minecraft:cooked_chicken":4,"minecraft:furnace":1,"minecraft:bucket":1,"minecraft:stone_axe":1,"minecraft:cooked_mutton":2,"minecraft:air":0,"minecraft:shield":1,"minecraft:iron_ingot":8,"minecraft:iron_pickaxe":1,"minecraft:stone_pickaxe":1,"minecraft:wooden_axe":1,"minecraft:white_bed":1,"minecraft:torch":4,"minecraft:stone_hoe":1}},"DataVersion":3465}