{"stats":{"minecraft:used":{"minecraft:spruce_slab":3,"minecraft:poppy":10,"minecraft:chest":7,"minecraft:shield":45,"minecraft:iron_chestplate":1,"minecraft:mutton":5,"minecraft:obsidian":10,"minecraft:spruce_boat":3,"minecraft:lava_bucket":1,"iceandfire:ghost_chest":1,"iceandfire:chared_stone":7,"minecraft:oak_sapling":1,"minecraft:furnace":13,"minecraft:dark_oak_sapling":1,"iceandfire:armor_bronze_boots":1,"minecraft:diorite":1,"minecraft:stone_pickaxe":45,"minecraft:oak_planks":72,"minecraft:blackstone":11,"minecraft:wooden_pickaxe":3,"minecraft:composter":1,"minecraft:diamond_axe":88,"minecraft:white_wool":1,"minecraft:sand":1,"minecraft:blast_furnace":6,"minecraft:string":1,"minecraft:bread":87,"minecraft:lectern":161,"tombstone:grave_key":1,"minecraft:gravel":19,"minecraft:diamond_sword":48,"minecraft:fire_charge":2,"minecraft:grindstone":5,"minecraft:smithing_table":5,"minecraft:andesite":13,"minecraft:bone_meal":24,"minecraft:flint_and_steel":17,"minecraft:spruce_planks":34,"minecraft:netherrack":11,"minecraft:cooked_chicken":9,"minecraft:torch":24,"minecraft:dirt":364,"minecraft:anvil":1,"minecraft:white_carpet":19,"minecraft:hopper":1,"minecraft:spruce_fence":35,"minecraft:iron_hoe":88,"minecraft:wooden_axe":18,"minecraft:bookshelf":1,"minecraft:iron_axe":898,"minecraft:spruce_button":10,"minecraft:barrel":3,"minecraft:basalt":15,"tombstone:gift":8,"minecraft:cooked_beef":5,"minecraft:cherry_log":4,"minecraft:wheat_seeds":144,"minecraft:cooked_mutton":7,"minecraft:water_bucket":164,"minecraft:birch_planks":12,"minecraft:cherry_planks":24,"minecraft:spruce_sign":9,"minecraft:fletching_table":12,"iceandfire:chared_dirt":4,"minecraft:crafting_table":14,"minecraft:white_bed":27,"minecraft:spruce_log":36,"minecraft:oak_log":4,"minecraft:diamond_pickaxe":45,"minecraft:apple":1,"minecraft:diamond_shovel":460,"minecraft:iron_pickaxe":267,"tombstone:magic_scroll":2,"minecraft:spruce_trapdoor":2,"minecraft:spruce_sapling":208,"minecraft:stone_axe":82,"minecraft:pink_petals":8,"iceandfire:chared_gravel":8,"minecraft:cobblestone":35,"minecraft:porkchop":3,"minecraft:cooked_porkchop":5,"minecraft:bucket":166,"minecraft:dandelion":1},"minecraft:mined":{"minecraft:spruce_planks":4,"minecraft:white_bed":9,"minecraft:obsidian":10,"minecraft:grass_block":105,"minecraft:cracked_polished_blackstone_bricks":1,"iceandfire:lectern":1,"minecraft:composter":3,"minecraft:gilded_blackstone":1,"minecraft:polished_blackstone_bricks":5,"minecraft:magma_block":2,"minecraft:iron_ore":36,"minecraft:fire":44,"minecraft:fletching_table":9,"iceandfire:gold_pile":25,"minecraft:water_cauldron":4,"minecraft:dirt_path":4,"minecraft:blackstone":27,"iceandfire:dragon_ice_spikes":3,"minecraft:torch":4,"minecraft:blast_furnace":5,"iceandfire:ghost_chest":1,"minecraft:nether_quartz_ore":15,"minecraft:cobblestone":2,"minecraft:grindstone":5,"minecraft:sugar_cane":16,"minecraft:oak_planks":11,"minecraft:wall_torch":3,"minecraft:pink_petals":2,"minecraft:warped_nylium":1,"minecraft:wheat":71,"minecraft:grass":183,"minecraft:oak_log":3,"minecraft:sand":4,"minecraft:dirt":159,"minecraft:netherrack":45,"minecraft:oak_leaves":5,"iceandfire:chared_stone":12,"minecraft:spruce_fence":1,"iceandfire:chared_dirt":17,"minecraft:spruce_leaves":19,"minecraft:spruce_sapling":19,"minecraft:furnace":12,"iceandfire:chared_gravel":15,"minecraft:andesite":14,"minecraft:stripped_spruce_log":1,"treechop:chopped_log":16,"minecraft:bookshelf":1,"minecraft:stone":75,"iceandfire:podium_spruce":1,"minecraft:white_wool":1,"minecraft:podzol":4,"minecraft:smithing_table":5,"minecraft:cherry_planks":7,"minecraft:basalt":17,"minecraft:crafting_table":12,"minecraft:cornflower":1,"minecraft:spruce_button":1,"minecraft:emerald_ore":1,"minecraft:lectern":159,"minecraft:tall_grass":42,"minecraft:lapis_ore":2,"minecraft:polished_blackstone_brick_stairs":1,"minecraft:diorite":1,"minecraft:birch_planks":12,"minecraft:white_carpet":3,"minecraft:spruce_log":23,"minecraft:birch_leaves":1,"minecraft:coal_ore":14,"minecraft:gravel":33},"minecraft:broken":{"minecraft:golden_leggings":1,"minecraft:iron_axe":4,"minecraft:iron_helmet":1},"minecraft:killed":{"minecraft:witch":1,"minecraft:spider":5,"minecraft:skeleton":6,"minecraft:chicken":5,"alexsmobs:straddler":4,"minecraft:piglin_brute":2,"minecraft:magma_cube":1,"minecraft:piglin":1,"minecraft:pig":4,"minecraft:zombie_villager":1,"minecraft:iron_golem":19,"alexsmobs:stradpole":1,"minecraft:sheep":14,"minecraft:zombie":10,"alexsmobs:fly":3,"minecraft:cow":2,"alexsmobs:raccoon":1,"alexsmobs:sugar_glider":1,"iceandfire:fire_dragon":2,"alexsmobs:crocodile":1,"iceandfire:ghost":3,"iceandfire:ice_dragon":1,"alexsmobs:crow":3},"minecraft:crafted":{"minecraft:grindstone":1,"minecraft:oak_planks":104,"minecraft:chainmail_helmet":3,"minecraft:barrel":3,"minecraft:cooked_chicken":5,"minecraft:stone":3,"minecraft:diamond_shovel":3,"minecraft:bookshelf":5,"minecraft:cooked_mutton":7,"minecraft:glass":3,"minecraft:hopper":1,"minecraft:diamond_helmet":1,"minecraft:diamond_leggings":1,"minecraft:chest":8,"minecraft:stone_hoe":35,"minecraft:oak_fence":3,"minecraft:glass_bottle":3,"minecraft:oak_slab":18,"minecraft:emerald":754,"minecraft:cooked_porkchop":5,"minecraft:diamond_axe":1,"minecraft:crafting_table":4,"minecraft:spruce_planks":10748,"minecraft:wooden_pickaxe":1,"minecraft:iron_helmet":11,"minecraft:smithing_table":1,"minecraft:fletching_table":3,"minecraft:birch_planks":28,"minecraft:spruce_trapdoor":2,"minecraft:lectern":4,"minecraft:iron_chestplate":1,"minecraft:diamond_pickaxe":1,"minecraft:shield":13,"minecraft:stick":22376,"minecraft:stone_slab":6,"minecraft:iron_ingot":30,"minecraft:iron_pickaxe":2,"minecraft:iron_block":3,"minecraft:gold_ingot":41,"iceandfire:armor_bronze_helmet":1,"minecraft:shears":1,"minecraft:cherry_planks":544,"minecraft:stone_shovel":24,"minecraft:diamond_hoe":5,"minecraft:spruce_button":13,"minecraft:furnace":2,"minecraft:bone_meal":24,"minecraft:spruce_fence":45,"minecraft:white_carpet":15,"minecraft:flint_and_steel":1,"minecraft:iron_axe":26,"minecraft:iron_hoe":1,"minecraft:spruce_slab":12,"iceandfire:armor_red_leggings":1,"minecraft:stone_pickaxe":1,"minecraft:diamond_boots":1,"iceandfire:armor_bronze_chestplate":1,"minecraft:spruce_boat":1,"minecraft:dark_oak_planks":628,"minecraft:chainmail_leggings":12,"iceandfire:chain":1,"minecraft:cooked_beef":5,"minecraft:diamond_sword":1,"minecraft:spruce_sign":12,"iceandfire:armor_bronze_boots":1,"minecraft:bucket":1,"minecraft:stone_axe":1,"minecraft:enchanted_book":12,"minecraft:bread":276,"minecraft:air":0,"minecraft:white_wool":1,"minecraft:wooden_axe":1,"minecraft:anvil":1,"minecraft:white_bed":17,"minecraft:torch":4,"minecraft:diamond_chestplate":1},"minecraft:picked_up":{"minecraft:wheat":63,"minecraft:smithing_table":5,"minecraft:enchanted_book":1,"minecraft:polished_blackstone_brick_stairs":1,"minecraft:string":5,"minecraft:shroomlight":8,"minecraft:gold_nugget":231,"minecraft:spruce_planks":4,"alexsmobs:raccoon_tail":1,"iceandfire:dragonscales_red":12,"minecraft:furnace":12,"minecraft:stick":216,"iceandfire:ghost_chest":1,"minecraft:composter":3,"minecraft:oak_fence":6,"minecraft:torch":24,"minecraft:porkchop":11,"minecraft:golden_axe":1,"minecraft:cherry_log":8,"tombstone:grave_dust":2,"minecraft:diorite":1,"minecraft:cauldron":8,"minecraft:rotten_flesh":10,"iceandfire:fire_dragon_heart":1,"minecraft:obsidian":11,"minecraft:cobblestone":68,"minecraft:birch_log":7,"minecraft:pink_petals":8,"minecraft:magma_block":1,"minecraft:feather":8,"minecraft:cherry_planks":11,"minecraft:andesite":13,"minecraft:flint":6,"iceandfire:dragonscales_bronze":29,"minecraft:lapis_lazuli":13,"minecraft:dirt":272,"minecraft:bone":8,"minecraft:wheat_seeds":221,"minecraft:grindstone":5,"minecraft:diamond_helmet":3,"minecraft:fletching_table":9,"minecraft:oak_planks":11,"iceandfire:podium_spruce":2,"minecraft:warped_wart_block":145,"iceandfire:dragon_skull_fire":2,"minecraft:sand":4,"minecraft:stripped_spruce_log":2,"minecraft:dark_oak_log":40,"minecraft:bundle":1,"minecraft:spruce_boat":2,"iceandfire:lectern":1,"waystones:waystone":1,"minecraft:cracked_polished_blackstone_bricks":1,"minecraft:emerald":1,"minecraft:spruce_button":14,"minecraft:chainmail_helmet":6,"minecraft:bread":4,"alexsmobs:maggot":2,"minecraft:oak_sapling":14,"minecraft:netherrack":29,"minecraft:crafting_table":12,"minecraft:chicken":5,"minecraft:brown_mushroom":2,"iceandfire:chain":4,"minecraft:shield":7,"minecraft:iron_axe":20,"minecraft:white_carpet":4,"minecraft:blackstone":27,"iceandfire:bestiary":1,"minecraft:beef":8,"minecraft:poppy":19,"minecraft:spruce_slab":3,"minecraft:lectern":159,"minecraft:sugar_cane":34,"minecraft:diamond_hoe":2,"iceandfire:ice_dragon_heart":1,"minecraft:egg":3,"minecraft:dark_oak_sapling":4,"minecraft:raw_iron":93,"iceandfire:dragonbone":22,"minecraft:spruce_fence":1,"minecraft:polished_blackstone_bricks":5,"alexsmobs:crocodile_scute":1,"iceandfire:dragon_skull_ice":1,"minecraft:arrow":4,"minecraft:stone_shovel":1,"minecraft:diamond_chestplate":1,"iceandfire:dragonscales_silver":8,"iceandfire:chared_dirt":17,"minecraft:diamond_boots":3,"minecraft:mutton":23,"minecraft:white_wool":152,"minecraft:oxeye_daisy":1,"minecraft:basalt":18,"minecraft:leather":5,"minecraft:birch_planks":31,"minecraft:oak_log":32,"tombstone:gift":1,"minecraft:apple":1,"minecraft:warped_stem":60,"minecraft:iron_ingot":85,"minecraft:cooked_chicken":7,"iceandfire:fire_dragon_flesh":9,"minecraft:book":3,"minecraft:oak_slab":2,"iceandfire:chared_stone":9,"minecraft:quartz":15,"minecraft:dandelion":4,"minecraft:gravel":27,"minecraft:spruce_sapling":358,"minecraft:blast_furnace":5,"minecraft:white_bed":11,"minecraft:spruce_log":3170,"minecraft:spider_eye":1,"minecraft:diamond_shovel":1,"minecraft:chainmail_leggings":3,"minecraft:iron_helmet":12,"minecraft:cherry_sapling":8,"tombstone:magic_scroll":1,"iceandfire:chared_gravel":13,"minecraft:coal":92},"minecraft:custom":{"minecraft:animals_bred":28,"minecraft:interact_with_crafting_table":63,"minecraft:bell_ring":1,"minecraft:leave_game":7,"minecraft:time_since_death":353510,"minecraft:sprint_one_cm":972844,"minecraft:damage_blocked_by_shield":1005,"minecraft:drop":414,"minecraft:talked_to_villager":541,"minecraft:play_time":458109,"minecraft:deaths":14,"minecraft:jump":7627,"minecraft:walk_on_water_one_cm":52307,"minecraft:interact_with_furnace":80,"minecraft:traded_with_villager":945,"minecraft:sleep_in_bed":31,"minecraft:waystone_activated":1,"tombstone:sneak_grave":2,"minecraft:damage_dealt":37357,"minecraft:crouch_one_cm":36181,"tombstone:undead_killed":20,"minecraft:interact_with_smithing_table":1,"minecraft:mob_kills":93,"minecraft:interact_with_anvil":12,"minecraft:climb_one_cm":140,"minecraft:walk_one_cm":821721,"minecraft:sneak_time":14459,"minecraft:walk_under_water_one_cm":43472,"minecraft:boat_one_cm":12690,"minecraft:interact_with_blast_furnace":1,"minecraft:total_world_time":458109,"tombstone:raider_killed":1,"minecraft:interact_with_grindstone":2,"minecraft:time_since_rest":16780,"minecraft:damage_taken":9235,"minecraft:swim_one_cm":60051,"minecraft:fly_one_cm":1453577,"minecraft:open_chest":258,"minecraft:fall_one_cm":230553},"minecraft:dropped":{"iceandfire:chared_stone":2,"minecraft:brown_mushroom":1,"minecraft:oak_log":2,"minecraft:glass_bottle":2,"minecraft:crafting_table":1,"minecraft:dark_oak_sapling":3,"iceandfire:chared_dirt":2,"iceandfire:fire_dragon_flesh":7,"iceandfire:chared_gravel":5,"iceandfire:dragonscales_red":5,"minecraft:gold_nugget":5,"minecraft:iron_pickaxe":1,"minecraft:white_wool":16,"minecraft:cauldron":4,"minecraft:bone":5,"minecraft:stone_axe":1,"minecraft:cooked_chicken":3,"alexsmobs:animal_dictionary":1,"minecraft:obsidian":1,"minecraft:rotten_flesh":8,"minecraft:oak_planks":2,"minecraft:diamond_shovel":1,"minecraft:golden_shovel":1,"minecraft:white_bed":1,"minecraft:poppy":11,"iceandfire:ghost_chest":1,"minecraft:spruce_slab":6,"minecraft:basalt":3,"minecraft:arrow":1,"minecraft:warped_wart_block":145,"minecraft:netherrack":2,"minecraft:enchanted_book":1,"minecraft:stone_hoe":35,"minecraft:iron_ingot":5,"minecraft:bread":185,"minecraft:stripped_spruce_log":1,"minecraft:oak_slab":4,"minecraft:wheat_seeds":73,"minecraft:cherry_log":1,"minecraft:iron_helmet":22,"minecraft:golden_axe":1,"minecraft:oak_fence":9,"minecraft:feather":1,"minecraft:cobblestone":9,"minecraft:spruce_button":17,"minecraft:chainmail_helmet":9,"minecraft:stick":25,"minecraft:oxeye_daisy":1,"iceandfire:podium_spruce":1,"minecraft:wooden_axe":1,"minecraft:cherry_planks":4,"minecraft:diamond_helmet":3,"tombstone:grave_dust":2,"minecraft:iron_axe":39,"minecraft:chainmail_leggings":15,"minecraft:string":3,"iceandfire:dragon_skull_fire":1,"minecraft:spruce_sapling":151,"minecraft:dandelion":3,"minecraft:diamond_hoe":6,"minecraft:stone_shovel":25,"minecraft:composter":2,"minecraft:iron_hoe":1,"minecraft:stone_slab":5,"minecraft:spruce_fence":11,"minecraft:shroomlight":4,"minecraft:shield":19,"minecraft:diamond_chestplate":1,"minecraft:spruce_planks":1,"minecraft:bundle":1,"minecraft:diamond_pickaxe":1,"minecraft:iron_chestplate":1,"minecraft:oak_sapling":13,"iceandfire:lectern":1,"minecraft:spider_eye":1,"minecraft:spruce_log":3,"pfm:furniture_book":1,"minecraft:diamond_boots":3,"iceandfire:fire_dragon_heart":1,"minecraft:stone_pickaxe":1,"minecraft:wooden_pickaxe":1,"minecraft:magma_block":1}},"DataVersion":3465}