{"stats":{"minecraft:used":{"minecraft:wooden_axe":18,"minecraft:water_bucket":3,"minecraft:diorite":1,"minecraft:apple":1,"minecraft:stone_pickaxe":45,"minecraft:iron_pickaxe":10,"minecraft:wooden_pickaxe":3,"minecraft:stone_axe":5,"minecraft:torch":1,"minecraft:dirt":4,"minecraft:cobblestone":12,"minecraft:crafting_table":5,"minecraft:furnace":1,"minecraft:andesite":2,"minecraft:bucket":4},"minecraft:picked_up":{"minecraft:crafting_table":5,"minecraft:stick":24,"minecraft:raw_iron":9,"minecraft:andesite":4,"minecraft:torch":1,"minecraft:oak_log":30,"minecraft:diorite":1,"minecraft:dirt":4,"minecraft:apple":1,"minecraft:emerald":1,"alexsmobs:raccoon_tail":1,"minecraft:oak_sapling":13,"minecraft:coal":26,"minecraft:cobblestone":28,"minecraft:furnace":1},"minecraft:custom":{"minecraft:time_since_rest":14154,"minecraft:interact_with_furnace":6,"minecraft:sprint_one_cm":42349,"minecraft:damage_taken":120,"minecraft:walk_one_cm":14185,"minecraft:mob_kills":1,"minecraft:drop":6,"minecraft:damage_dealt":90,"minecraft:swim_one_cm":5810,"minecraft:interact_with_crafting_table":10,"minecraft:fly_one_cm":45165,"minecraft:crouch_one_cm":3186,"minecraft:play_time":14154,"minecraft:sneak_time":1077,"minecraft:walk_under_water_one_cm":1094,"minecraft:jump":294,"minecraft:leave_game":1,"minecraft:time_since_death":14154,"minecraft:walk_on_water_one_cm":3691,"minecraft:total_world_time":14154,"minecraft:fall_one_cm":7339},"minecraft:mined":{"minecraft:furnace":1,"minecraft:iron_ore":9,"minecraft:andesite":4,"treechop:chopped_log":2,"minecraft:crafting_table":5,"minecraft:grass":2,"minecraft:emerald_ore":1,"minecraft:grass_block":2,"minecraft:coal_ore":14,"minecraft:dirt":1,"minecraft:stone":28,"minecraft:diorite":1,"minecraft:oak_leaves":1},"minecraft:killed":{"alexsmobs:raccoon":1},"minecraft:dropped":{"alexsmobs:animal_dictionary":1,"minecraft:wooden_axe":1,"minecraft:oak_sapling":13,"pfm:furniture_book":1,"minecraft:stone_pickaxe":1,"minecraft:wooden_pickaxe":1},"minecraft:crafted":{"minecraft:oak_planks":20,"minecraft:crafting_table":1,"minecraft:iron_pickaxe":1,"minecraft:iron_ingot":6,"minecraft:wooden_pickaxe":1,"minecraft:stone_pickaxe":1,"minecraft:wooden_axe":1,"minecraft:furnace":1,"minecraft:bucket":1,"minecraft:torch":4,"minecraft:stone_axe":1,"minecraft:air":0}},"DataVersion":3465}