{"stats":{"minecraft:used":{"minecraft:cooked_mutton":2,"minecraft:water_bucket":34,"minecraft:diorite":1,"minecraft:stone_pickaxe":45,"minecraft:wooden_pickaxe":3,"minecraft:shield":35,"minecraft:cooked_chicken":4,"minecraft:iron_chestplate":1,"iceandfire:chared_dirt":2,"minecraft:torch":5,"minecraft:dirt":38,"minecraft:crafting_table":9,"minecraft:white_bed":4,"minecraft:wooden_axe":18,"minecraft:apple":1,"minecraft:iron_axe":61,"minecraft:iron_pickaxe":129,"minecraft:pink_petals":8,"minecraft:stone_axe":82,"minecraft:cobblestone":35,"iceandfire:chared_stone":6,"minecraft:porkchop":3,"minecraft:furnace":11,"minecraft:cooked_porkchop":4,"minecraft:andesite":13,"minecraft:bucket":35,"tombstone:gift":8,"minecraft:cooked_beef":5},"minecraft:picked_up":{"minecraft:pink_petals":8,"minecraft:crafting_table":8,"minecraft:feather":6,"minecraft:chicken":4,"minecraft:andesite":13,"minecraft:leather":4,"minecraft:enchanted_book":1,"minecraft:oak_log":30,"minecraft:string":4,"minecraft:lapis_lazuli":13,"minecraft:dirt":63,"tombstone:gift":1,"minecraft:bone":1,"minecraft:apple":1,"minecraft:wheat_seeds":3,"minecraft:gold_nugget":228,"minecraft:beef":8,"minecraft:iron_ingot":5,"alexsmobs:raccoon_tail":1,"minecraft:sugar_cane":34,"minecraft:egg":2,"minecraft:furnace":10,"iceandfire:chared_stone":6,"minecraft:raw_iron":93,"minecraft:stick":28,"minecraft:torch":5,"minecraft:porkchop":11,"minecraft:cherry_log":7,"minecraft:diorite":1,"minecraft:white_bed":4,"minecraft:spider_eye":1,"minecraft:bundle":1,"minecraft:arrow":1,"minecraft:rotten_flesh":4,"iceandfire:chared_dirt":4,"minecraft:cherry_sapling":7,"minecraft:emerald":1,"tombstone:magic_scroll":1,"minecraft:oak_sapling":13,"minecraft:mutton":6,"minecraft:coal":84,"minecraft:white_wool":3,"minecraft:cobblestone":53},"minecraft:custom":{"minecraft:interact_with_furnace":43,"minecraft:mob_kills":33,"minecraft:interact_with_crafting_table":16,"minecraft:leave_game":1,"minecraft:time_since_death":6912,"minecraft:sleep_in_bed":2,"minecraft:climb_one_cm":140,"minecraft:waystone_activated":1,"minecraft:time_since_rest":6720,"minecraft:sprint_one_cm":158535,"minecraft:damage_taken":3055,"minecraft:walk_one_cm":101371,"tombstone:sneak_grave":1,"minecraft:damage_blocked_by_shield":610,"minecraft:drop":21,"minecraft:damage_dealt":6197,"minecraft:swim_one_cm":21397,"minecraft:fly_one_cm":224844,"minecraft:open_chest":12,"minecraft:crouch_one_cm":7547,"minecraft:play_time":62140,"tombstone:undead_killed":13,"minecraft:deaths":6,"minecraft:sneak_time":2843,"minecraft:walk_under_water_one_cm":23849,"minecraft:jump":1388,"minecraft:walk_on_water_one_cm":20030,"minecraft:total_world_time":62140,"minecraft:fall_one_cm":30611},"minecraft:mined":{"minecraft:white_bed":3,"minecraft:crafting_table":8,"minecraft:torch":4,"minecraft:emerald_ore":1,"minecraft:grass_block":7,"minecraft:tall_grass":1,"minecraft:cobblestone":1,"iceandfire:chared_dirt":4,"minecraft:lapis_ore":2,"minecraft:sugar_cane":16,"minecraft:diorite":1,"minecraft:pink_petals":2,"minecraft:furnace":10,"minecraft:fire":12,"minecraft:iron_ore":36,"iceandfire:chared_gravel":2,"minecraft:andesite":14,"treechop:chopped_log":3,"iceandfire:gold_pile":25,"minecraft:grass":13,"minecraft:coal_ore":14,"minecraft:dirt":62,"minecraft:stone":55,"minecraft:oak_leaves":1,"iceandfire:chared_stone":10},"minecraft:killed":{"minecraft:pig":4,"minecraft:zombie_villager":1,"alexsmobs:raccoon":1,"minecraft:spider":3,"minecraft:sheep":3,"minecraft:skeleton":4,"iceandfire:fire_dragon":1,"minecraft:zombie":5,"iceandfire:ghost":3,"minecraft:chicken":4,"alexsmobs:crow":1,"minecraft:cow":2},"minecraft:dropped":{"minecraft:enchanted_book":1,"minecraft:stone_hoe":1,"minecraft:stone_axe":1,"minecraft:wheat_seeds":3,"alexsmobs:animal_dictionary":1,"minecraft:golden_axe":1,"iceandfire:chared_dirt":2,"minecraft:cobblestone":2,"minecraft:rotten_flesh":4,"minecraft:golden_shovel":1,"minecraft:bundle":1,"minecraft:wooden_axe":1,"minecraft:gold_nugget":5,"minecraft:oak_sapling":13,"minecraft:spider_eye":1,"pfm:furniture_book":1,"minecraft:stone_pickaxe":1,"minecraft:wooden_pickaxe":1,"minecraft:string":3},"minecraft:crafted":{"minecraft:cooked_beef":5,"minecraft:oak_planks":24,"minecraft:cooked_porkchop":4,"minecraft:crafting_table":2,"minecraft:iron_helmet":1,"minecraft:wooden_pickaxe":1,"minecraft:cooked_chicken":4,"minecraft:furnace":1,"minecraft:bucket":1,"minecraft:stone_axe":1,"minecraft:cooked_mutton":2,"minecraft:air":0,"minecraft:iron_chestplate":1,"minecraft:shield":1,"minecraft:iron_axe":1,"minecraft:gold_ingot":25,"minecraft:iron_ingot":18,"minecraft:iron_pickaxe":1,"minecraft:stone_pickaxe":1,"minecraft:wooden_axe":1,"minecraft:white_bed":1,"minecraft:torch":4,"minecraft:stone_hoe":1}},"DataVersion":3465}