{"stats":{"minecraft:broken":{"minecraft:golden_leggings":1,"minecraft:iron_axe":4,"minecraft:iron_helmet":1},"minecraft:custom":{"minecraft:animals_bred":17,"minecraft:interact_with_crafting_table":60,"minecraft:bell_ring":1,"minecraft:leave_game":6,"minecraft:time_since_death":281579,"minecraft:sprint_one_cm":828851,"minecraft:damage_blocked_by_shield":1005,"minecraft:drop":328,"minecraft:talked_to_villager":476,"minecraft:play_time":386178,"minecraft:deaths":14,"minecraft:jump":6664,"minecraft:walk_on_water_one_cm":50714,"minecraft:interact_with_furnace":80,"minecraft:traded_with_villager":648,"minecraft:sleep_in_bed":26,"minecraft:waystone_activated":1,"tombstone:sneak_grave":2,"minecraft:damage_dealt":31554,"minecraft:crouch_one_cm":25640,"tombstone:undead_killed":18,"minecraft:interact_with_smithing_table":1,"minecraft:mob_kills":74,"minecraft:interact_with_anvil":8,"minecraft:climb_one_cm":140,"minecraft:walk_one_cm":696436,"minecraft:sneak_time":11281,"minecraft:walk_under_water_one_cm":42204,"minecraft:boat_one_cm":12690,"minecraft:interact_with_blast_furnace":1,"minecraft:total_world_time":386178,"tombstone:raider_killed":1,"minecraft:interact_with_grindstone":2,"minecraft:time_since_rest":16400,"minecraft:damage_taken":8206,"minecraft:swim_one_cm":60051,"minecraft:fly_one_cm":1273780,"minecraft:open_chest":182,"minecraft:fall_one_cm":198986},"minecraft:crafted":{"minecraft:grindstone":1,"minecraft:oak_planks":104,"minecraft:chainmail_helmet":3,"minecraft:barrel":3,"minecraft:cooked_chicken":5,"minecraft:stone":3,"minecraft:diamond_shovel":3,"minecraft:bookshelf":5,"minecraft:cooked_mutton":7,"minecraft:glass":3,"minecraft:hopper":1,"minecraft:diamond_helmet":1,"minecraft:diamond_leggings":1,"minecraft:chest":6,"minecraft:stone_hoe":35,"minecraft:oak_fence":3,"minecraft:glass_bottle":3,"minecraft:oak_slab":18,"minecraft:emerald":488,"minecraft:cooked_porkchop":5,"minecraft:crafting_table":4,"minecraft:spruce_planks":6380,"minecraft:wooden_pickaxe":1,"minecraft:iron_helmet":11,"minecraft:smithing_table":1,"minecraft:fletching_table":3,"minecraft:birch_planks":28,"minecraft:spruce_trapdoor":2,"minecraft:lectern":4,"minecraft:diamond_pickaxe":1,"minecraft:iron_chestplate":1,"minecraft:shield":13,"minecraft:stone_slab":6,"minecraft:stick":14696,"minecraft:iron_ingot":30,"minecraft:iron_pickaxe":1,"minecraft:iron_block":3,"minecraft:gold_ingot":25,"iceandfire:armor_bronze_helmet":1,"minecraft:shears":1,"minecraft:cherry_planks":544,"minecraft:stone_shovel":24,"minecraft:diamond_hoe":5,"minecraft:spruce_button":13,"minecraft:furnace":2,"minecraft:bone_meal":24,"minecraft:spruce_fence":45,"minecraft:white_carpet":12,"minecraft:flint_and_steel":1,"minecraft:iron_axe":16,"minecraft:spruce_slab":12,"minecraft:iron_hoe":1,"iceandfire:armor_red_leggings":1,"minecraft:stone_pickaxe":1,"minecraft:diamond_boots":1,"iceandfire:armor_bronze_chestplate":1,"minecraft:spruce_boat":1,"minecraft:dark_oak_planks":628,"minecraft:chainmail_leggings":12,"iceandfire:chain":1,"minecraft:cooked_beef":5,"minecraft:spruce_sign":12,"iceandfire:armor_bronze_boots":1,"minecraft:bucket":1,"minecraft:stone_axe":1,"minecraft:enchanted_book":5,"minecraft:bread":204,"minecraft:air":0,"minecraft:white_wool":1,"minecraft:wooden_axe":1,"minecraft:white_bed":17,"minecraft:anvil":1,"minecraft:torch":4,"minecraft:diamond_chestplate":1},"minecraft:dropped":{"iceandfire:chared_stone":2,"minecraft:oak_log":2,"minecraft:glass_bottle":2,"minecraft:crafting_table":1,"minecraft:dark_oak_sapling":3,"iceandfire:chared_dirt":2,"iceandfire:fire_dragon_flesh":7,"iceandfire:chared_gravel":5,"iceandfire:dragonscales_red":5,"minecraft:gold_nugget":5,"minecraft:iron_pickaxe":1,"minecraft:white_wool":14,"minecraft:cauldron":4,"minecraft:bone":5,"minecraft:stone_axe":1,"minecraft:cooked_chicken":3,"alexsmobs:animal_dictionary":1,"minecraft:obsidian":1,"minecraft:rotten_flesh":6,"minecraft:oak_planks":2,"minecraft:golden_shovel":1,"minecraft:white_bed":1,"minecraft:poppy":11,"iceandfire:ghost_chest":1,"minecraft:spruce_slab":6,"minecraft:arrow":1,"minecraft:enchanted_book":1,"minecraft:stone_hoe":35,"minecraft:iron_ingot":5,"minecraft:bread":140,"minecraft:stripped_spruce_log":1,"minecraft:oak_slab":4,"minecraft:wheat_seeds":72,"minecraft:cherry_log":1,"minecraft:feather":1,"minecraft:golden_axe":1,"minecraft:oak_fence":9,"minecraft:iron_helmet":22,"minecraft:cobblestone":9,"minecraft:spruce_button":17,"minecraft:chainmail_helmet":9,"minecraft:stick":25,"iceandfire:podium_spruce":1,"minecraft:wooden_axe":1,"minecraft:cherry_planks":4,"minecraft:diamond_helmet":2,"tombstone:grave_dust":2,"minecraft:iron_axe":18,"minecraft:chainmail_leggings":15,"minecraft:string":3,"iceandfire:dragon_skull_fire":1,"minecraft:spruce_sapling":42,"minecraft:dandelion":3,"minecraft:diamond_hoe":6,"minecraft:stone_shovel":25,"minecraft:composter":2,"minecraft:iron_hoe":1,"minecraft:stone_slab":5,"minecraft:spruce_fence":11,"minecraft:shield":19,"minecraft:diamond_chestplate":1,"minecraft:spruce_planks":1,"minecraft:bundle":1,"minecraft:iron_chestplate":1,"minecraft:oak_sapling":13,"iceandfire:lectern":1,"minecraft:spider_eye":1,"pfm:furniture_book":1,"minecraft:diamond_boots":3,"minecraft:spruce_log":3,"iceandfire:fire_dragon_heart":1,"minecraft:stone_pickaxe":1,"minecraft:wooden_pickaxe":1,"minecraft:magma_block":1},"minecraft:used":{"minecraft:spruce_slab":3,"minecraft:poppy":7,"minecraft:chest":5,"minecraft:shield":45,"minecraft:iron_chestplate":1,"minecraft:mutton":5,"minecraft:spruce_boat":3,"minecraft:lava_bucket":1,"iceandfire:ghost_chest":1,"iceandfire:chared_stone":7,"minecraft:furnace":13,"minecraft:oak_sapling":1,"minecraft:dark_oak_sapling":1,"minecraft:diorite":1,"minecraft:stone_pickaxe":45,"minecraft:oak_planks":71,"minecraft:wooden_pickaxe":3,"minecraft:composter":1,"minecraft:white_wool":1,"minecraft:sand":1,"minecraft:blast_furnace":6,"minecraft:bread":63,"minecraft:string":1,"minecraft:lectern":160,"tombstone:grave_key":1,"minecraft:gravel":19,"minecraft:fire_charge":2,"minecraft:grindstone":2,"minecraft:smithing_table":5,"minecraft:andesite":13,"minecraft:bone_meal":24,"minecraft:flint_and_steel":14,"minecraft:spruce_planks":33,"minecraft:cooked_chicken":9,"minecraft:torch":24,"minecraft:dirt":321,"minecraft:anvil":1,"minecraft:white_carpet":13,"minecraft:hopper":1,"minecraft:spruce_fence":35,"minecraft:iron_hoe":88,"minecraft:wooden_axe":18,"minecraft:bookshelf":1,"minecraft:iron_axe":815,"minecraft:spruce_button":10,"minecraft:barrel":3,"tombstone:gift":8,"minecraft:cooked_beef":5,"minecraft:wheat_seeds":144,"minecraft:cooked_mutton":7,"minecraft:water_bucket":156,"minecraft:birch_planks":12,"minecraft:spruce_sign":9,"minecraft:fletching_table":12,"iceandfire:chared_dirt":4,"minecraft:crafting_table":14,"minecraft:white_bed":27,"minecraft:spruce_log":23,"minecraft:oak_log":4,"minecraft:diamond_pickaxe":13,"minecraft:apple":1,"minecraft:diamond_shovel":449,"minecraft:iron_pickaxe":172,"tombstone:magic_scroll":2,"minecraft:spruce_trapdoor":2,"minecraft:spruce_sapling":127,"minecraft:stone_axe":82,"minecraft:pink_petals":8,"iceandfire:chared_gravel":8,"minecraft:cobblestone":35,"minecraft:cooked_porkchop":5,"minecraft:porkchop":3,"minecraft:bucket":157},"minecraft:mined":{"minecraft:spruce_planks":3,"minecraft:white_bed":9,"minecraft:grass_block":103,"iceandfire:lectern":1,"minecraft:composter":3,"minecraft:magma_block":1,"minecraft:iron_ore":36,"minecraft:fire":42,"minecraft:fletching_table":9,"minecraft:dirt_path":2,"iceandfire:gold_pile":25,"minecraft:water_cauldron":4,"minecraft:torch":4,"iceandfire:dragon_ice_spikes":3,"minecraft:blast_furnace":5,"iceandfire:ghost_chest":1,"minecraft:cobblestone":2,"minecraft:grindstone":2,"minecraft:sugar_cane":16,"minecraft:oak_planks":10,"minecraft:wall_torch":3,"minecraft:pink_petals":2,"minecraft:wheat":71,"minecraft:grass":176,"minecraft:oak_log":3,"minecraft:sand":4,"minecraft:dirt":156,"minecraft:oak_leaves":5,"iceandfire:chared_stone":12,"minecraft:spruce_fence":1,"iceandfire:chared_dirt":17,"minecraft:spruce_leaves":5,"minecraft:spruce_sapling":6,"minecraft:furnace":12,"iceandfire:chared_gravel":15,"minecraft:andesite":14,"minecraft:stripped_spruce_log":1,"treechop:chopped_log":12,"minecraft:bookshelf":1,"minecraft:stone":75,"iceandfire:podium_spruce":1,"minecraft:white_wool":1,"minecraft:smithing_table":5,"minecraft:podzol":1,"minecraft:crafting_table":12,"minecraft:cornflower":1,"minecraft:spruce_button":1,"minecraft:emerald_ore":1,"minecraft:lectern":159,"minecraft:tall_grass":41,"minecraft:lapis_ore":2,"minecraft:diorite":1,"minecraft:birch_planks":12,"minecraft:white_carpet":1,"minecraft:spruce_log":18,"minecraft:birch_leaves":1,"minecraft:coal_ore":14,"minecraft:gravel":33},"minecraft:picked_up":{"minecraft:wheat":63,"minecraft:smithing_table":5,"minecraft:enchanted_book":1,"minecraft:string":5,"minecraft:gold_nugget":228,"minecraft:spruce_planks":3,"alexsmobs:raccoon_tail":1,"iceandfire:dragonscales_red":12,"minecraft:furnace":12,"minecraft:stick":147,"iceandfire:ghost_chest":1,"minecraft:composter":3,"minecraft:oak_fence":6,"minecraft:torch":24,"minecraft:porkchop":11,"minecraft:cherry_log":8,"tombstone:grave_dust":2,"minecraft:diorite":1,"minecraft:cauldron":8,"minecraft:rotten_flesh":8,"iceandfire:fire_dragon_heart":1,"minecraft:obsidian":1,"minecraft:cobblestone":68,"minecraft:birch_log":7,"minecraft:pink_petals":8,"minecraft:magma_block":1,"minecraft:feather":8,"minecraft:cherry_planks":4,"minecraft:andesite":13,"minecraft:flint":6,"minecraft:lapis_lazuli":13,"minecraft:dirt":248,"iceandfire:dragonscales_bronze":29,"minecraft:bone":8,"minecraft:wheat_seeds":220,"minecraft:grindstone":2,"minecraft:fletching_table":9,"minecraft:diamond_helmet":2,"minecraft:oak_planks":10,"iceandfire:podium_spruce":2,"iceandfire:dragon_skull_fire":2,"minecraft:sand":4,"minecraft:stripped_spruce_log":2,"minecraft:dark_oak_log":40,"minecraft:bundle":1,"minecraft:spruce_boat":2,"iceandfire:lectern":1,"waystones:waystone":1,"minecraft:spruce_button":14,"minecraft:emerald":1,"minecraft:bread":1,"minecraft:chainmail_helmet":6,"minecraft:oak_sapling":14,"minecraft:crafting_table":12,"minecraft:chicken":5,"iceandfire:chain":3,"minecraft:shield":7,"minecraft:iron_axe":10,"minecraft:white_carpet":1,"iceandfire:bestiary":1,"minecraft:beef":8,"minecraft:poppy":15,"minecraft:spruce_slab":3,"minecraft:lectern":159,"minecraft:sugar_cane":34,"minecraft:diamond_hoe":2,"iceandfire:ice_dragon_heart":1,"minecraft:egg":3,"minecraft:dark_oak_sapling":4,"minecraft:raw_iron":93,"iceandfire:dragonbone":22,"minecraft:spruce_fence":1,"alexsmobs:crocodile_scute":1,"iceandfire:dragon_skull_ice":1,"minecraft:arrow":4,"minecraft:stone_shovel":1,"minecraft:diamond_chestplate":1,"iceandfire:dragonscales_silver":8,"minecraft:diamond_boots":3,"iceandfire:chared_dirt":17,"minecraft:mutton":20,"minecraft:white_wool":148,"minecraft:leather":5,"minecraft:birch_planks":31,"minecraft:oak_log":32,"tombstone:gift":1,"minecraft:apple":1,"minecraft:iron_ingot":73,"minecraft:cooked_chicken":7,"iceandfire:fire_dragon_flesh":9,"minecraft:book":3,"iceandfire:chared_stone":9,"minecraft:oak_slab":2,"minecraft:dandelion":3,"minecraft:gravel":27,"minecraft:spruce_sapling":168,"minecraft:blast_furnace":5,"minecraft:white_bed":11,"minecraft:spruce_log":1816,"minecraft:spider_eye":1,"minecraft:chainmail_leggings":3,"minecraft:iron_helmet":12,"minecraft:cherry_sapling":8,"tombstone:magic_scroll":1,"iceandfire:chared_gravel":13,"minecraft:coal":92},"minecraft:killed":{"minecraft:witch":1,"minecraft:spider":5,"minecraft:skeleton":6,"minecraft:chicken":5,"minecraft:pig":4,"minecraft:zombie_villager":1,"minecraft:iron_golem":16,"minecraft:sheep":12,"minecraft:zombie":8,"alexsmobs:fly":1,"minecraft:cow":2,"alexsmobs:raccoon":1,"alexsmobs:sugar_glider":1,"iceandfire:fire_dragon":2,"alexsmobs:crocodile":1,"iceandfire:ghost":3,"iceandfire:ice_dragon":1,"alexsmobs:crow":3}},"DataVersion":3465}