{"stats":{"minecraft:used":{"minecraft:poppy":2,"minecraft:shield":35,"minecraft:cooked_chicken":7,"minecraft:iron_chestplate":1,"minecraft:torch":5,"minecraft:dirt":39,"minecraft:mutton":3,"minecraft:wooden_axe":18,"minecraft:iron_axe":85,"iceandfire:chared_stone":6,"minecraft:furnace":12,"tombstone:gift":8,"minecraft:cooked_beef":5,"minecraft:cooked_mutton":3,"minecraft:water_bucket":54,"minecraft:diorite":1,"minecraft:stone_pickaxe":45,"minecraft:wooden_pickaxe":3,"iceandfire:chared_dirt":2,"minecraft:crafting_table":10,"minecraft:white_bed":5,"minecraft:apple":1,"minecraft:bread":3,"minecraft:string":1,"minecraft:iron_pickaxe":135,"minecraft:stone_axe":82,"minecraft:pink_petals":8,"minecraft:cobblestone":35,"minecraft:cooked_porkchop":5,"minecraft:porkchop":3,"minecraft:bucket":54,"minecraft:andesite":13},"minecraft:picked_up":{"minecraft:crafting_table":8,"minecraft:chicken":5,"iceandfire:chain":2,"minecraft:enchanted_book":1,"minecraft:string":5,"iceandfire:bestiary":1,"minecraft:gold_nugget":228,"minecraft:beef":8,"minecraft:poppy":2,"alexsmobs:raccoon_tail":1,"minecraft:sugar_cane":34,"minecraft:furnace":11,"minecraft:egg":3,"minecraft:stick":28,"minecraft:raw_iron":93,"minecraft:composter":2,"minecraft:torch":5,"minecraft:porkchop":11,"minecraft:cherry_log":7,"minecraft:diorite":1,"alexsmobs:crocodile_scute":1,"minecraft:cauldron":4,"minecraft:arrow":1,"minecraft:rotten_flesh":4,"iceandfire:chared_dirt":4,"minecraft:mutton":15,"minecraft:white_wool":8,"minecraft:cobblestone":54,"minecraft:pink_petals":8,"minecraft:feather":7,"minecraft:andesite":13,"minecraft:leather":4,"minecraft:oak_log":30,"minecraft:dirt":72,"minecraft:lapis_lazuli":13,"tombstone:gift":1,"minecraft:bone":1,"minecraft:apple":1,"minecraft:wheat_seeds":6,"minecraft:iron_ingot":5,"minecraft:cooked_chicken":7,"iceandfire:chared_stone":6,"iceandfire:podium_spruce":1,"minecraft:white_bed":5,"minecraft:spider_eye":1,"minecraft:bundle":1,"iceandfire:lectern":1,"minecraft:cherry_sapling":7,"minecraft:emerald":1,"tombstone:magic_scroll":1,"minecraft:oak_sapling":13,"minecraft:coal":92},"minecraft:custom":{"minecraft:mob_kills":42,"minecraft:interact_with_crafting_table":17,"minecraft:bell_ring":1,"minecraft:leave_game":1,"minecraft:time_since_death":30912,"minecraft:climb_one_cm":140,"minecraft:sprint_one_cm":244797,"minecraft:walk_one_cm":175692,"minecraft:damage_blocked_by_shield":610,"minecraft:drop":28,"minecraft:talked_to_villager":6,"minecraft:play_time":86140,"minecraft:sneak_time":3219,"minecraft:deaths":6,"minecraft:walk_under_water_one_cm":26575,"minecraft:jump":2138,"minecraft:walk_on_water_one_cm":25335,"minecraft:total_world_time":86140,"minecraft:interact_with_furnace":50,"minecraft:sleep_in_bed":5,"minecraft:time_since_rest":2980,"minecraft:waystone_activated":1,"minecraft:damage_taken":3294,"tombstone:sneak_grave":1,"minecraft:damage_dealt":7250,"minecraft:swim_one_cm":32852,"minecraft:fly_one_cm":381518,"minecraft:crouch_one_cm":8714,"minecraft:open_chest":13,"tombstone:undead_killed":14,"minecraft:fall_one_cm":47765},"minecraft:mined":{"minecraft:white_bed":4,"minecraft:grass_block":13,"iceandfire:lectern":1,"iceandfire:chared_dirt":4,"minecraft:composter":2,"minecraft:furnace":11,"minecraft:iron_ore":36,"minecraft:fire":12,"minecraft:andesite":14,"iceandfire:chared_gravel":2,"treechop:chopped_log":3,"iceandfire:gold_pile":25,"minecraft:water_cauldron":4,"minecraft:stone":55,"iceandfire:podium_spruce":1,"minecraft:crafting_table":8,"minecraft:cornflower":1,"minecraft:torch":4,"minecraft:emerald_ore":1,"minecraft:tall_grass":11,"minecraft:cobblestone":2,"minecraft:lapis_ore":2,"minecraft:sugar_cane":16,"minecraft:diorite":1,"minecraft:pink_petals":2,"minecraft:birch_leaves":1,"minecraft:grass":25,"minecraft:coal_ore":14,"minecraft:dirt":66,"minecraft:oak_leaves":1,"iceandfire:chared_stone":10},"minecraft:killed":{"alexsmobs:raccoon":1,"minecraft:spider":3,"minecraft:skeleton":4,"iceandfire:fire_dragon":1,"minecraft:chicken":5,"minecraft:pig":4,"minecraft:zombie_villager":1,"minecraft:sheep":9,"alexsmobs:crocodile":1,"minecraft:zombie":6,"iceandfire:ghost":3,"alexsmobs:crow":1,"minecraft:cow":2},"minecraft:dropped":{"minecraft:stone_hoe":1,"minecraft:enchanted_book":1,"minecraft:wheat_seeds":6,"iceandfire:chared_dirt":2,"minecraft:golden_axe":1,"minecraft:cobblestone":3,"minecraft:wooden_axe":1,"minecraft:gold_nugget":5,"minecraft:string":3,"minecraft:stone_axe":1,"minecraft:cooked_chicken":3,"alexsmobs:animal_dictionary":1,"minecraft:rotten_flesh":4,"minecraft:golden_shovel":1,"minecraft:bundle":1,"minecraft:oak_sapling":13,"iceandfire:lectern":1,"minecraft:spider_eye":1,"pfm:furniture_book":1,"minecraft:arrow":1,"minecraft:wooden_pickaxe":1,"minecraft:stone_pickaxe":1},"minecraft:crafted":{"minecraft:oak_planks":24,"minecraft:cooked_chicken":5,"minecraft:furnace":1,"minecraft:cooked_mutton":3,"minecraft:iron_axe":1,"minecraft:stone_pickaxe":1,"minecraft:stone_hoe":1,"iceandfire:chain":1,"minecraft:cooked_beef":5,"minecraft:cooked_porkchop":5,"minecraft:crafting_table":2,"minecraft:wooden_pickaxe":1,"minecraft:iron_helmet":1,"minecraft:bucket":1,"minecraft:stone_axe":1,"minecraft:air":0,"minecraft:iron_chestplate":1,"minecraft:shield":1,"minecraft:iron_ingot":18,"minecraft:iron_pickaxe":1,"minecraft:wooden_axe":1,"minecraft:gold_ingot":25,"minecraft:white_bed":1,"minecraft:torch":4}},"DataVersion":3465}