{"stats":{"minecraft:used":{"minecraft:cooked_mutton":2,"minecraft:water_bucket":6,"minecraft:diorite":1,"minecraft:stone_pickaxe":45,"minecraft:wooden_pickaxe":3,"minecraft:shield":19,"minecraft:cooked_chicken":4,"minecraft:iron_chestplate":1,"iceandfire:chared_dirt":1,"minecraft:torch":5,"minecraft:dirt":38,"minecraft:crafting_table":9,"minecraft:white_bed":2,"minecraft:wooden_axe":18,"minecraft:apple":1,"minecraft:iron_axe":24,"minecraft:iron_pickaxe":89,"minecraft:pink_petals":5,"minecraft:stone_axe":82,"minecraft:cobblestone":35,"minecraft:porkchop":2,"minecraft:furnace":9,"minecraft:cooked_porkchop":3,"minecraft:andesite":13,"minecraft:bucket":7,"tombstone:gift":2,"minecraft:cooked_beef":5},"minecraft:picked_up":{"minecraft:pink_petals":5,"minecraft:crafting_table":8,"minecraft:feather":6,"minecraft:chicken":4,"minecraft:andesite":13,"minecraft:leather":4,"minecraft:enchanted_book":1,"minecraft:oak_log":30,"minecraft:string":3,"minecraft:lapis_lazuli":13,"minecraft:dirt":63,"minecraft:bone":1,"minecraft:apple":1,"minecraft:wheat_seeds":2,"minecraft:beef":8,"minecraft:iron_ingot":5,"alexsmobs:raccoon_tail":1,"minecraft:sugar_cane":34,"minecraft:egg":2,"minecraft:furnace":9,"minecraft:raw_iron":93,"minecraft:stick":28,"minecraft:torch":5,"minecraft:porkchop":10,"minecraft:cherry_log":7,"minecraft:diorite":1,"minecraft:white_bed":1,"minecraft:spider_eye":1,"minecraft:bundle":1,"minecraft:arrow":1,"minecraft:rotten_flesh":4,"iceandfire:chared_dirt":3,"minecraft:cherry_sapling":7,"minecraft:emerald":1,"tombstone:magic_scroll":1,"minecraft:oak_sapling":13,"minecraft:mutton":6,"minecraft:coal":81,"minecraft:white_wool":3,"minecraft:cobblestone":52},"minecraft:custom":{"minecraft:interact_with_furnace":38,"minecraft:mob_kills":26,"minecraft:interact_with_crafting_table":15,"minecraft:leave_game":1,"minecraft:time_since_death":2113,"minecraft:sleep_in_bed":1,"minecraft:climb_one_cm":140,"minecraft:time_since_rest":1647,"minecraft:sprint_one_cm":144909,"minecraft:damage_taken":1483,"minecraft:walk_one_cm":80546,"minecraft:damage_blocked_by_shield":510,"minecraft:drop":15,"minecraft:damage_dealt":4664,"minecraft:swim_one_cm":21397,"minecraft:fly_one_cm":183887,"minecraft:open_chest":8,"minecraft:crouch_one_cm":5085,"minecraft:play_time":50140,"tombstone:undead_killed":10,"minecraft:deaths":3,"minecraft:sneak_time":1942,"minecraft:walk_under_water_one_cm":14548,"minecraft:jump":1146,"minecraft:walk_on_water_one_cm":13829,"minecraft:total_world_time":50140,"minecraft:fall_one_cm":19213},"minecraft:mined":{"minecraft:white_bed":1,"minecraft:crafting_table":8,"minecraft:torch":4,"minecraft:emerald_ore":1,"minecraft:grass_block":7,"minecraft:tall_grass":1,"minecraft:cobblestone":1,"iceandfire:chared_dirt":1,"minecraft:lapis_ore":2,"minecraft:sugar_cane":16,"minecraft:diorite":1,"minecraft:pink_petals":2,"minecraft:furnace":9,"minecraft:fire":1,"minecraft:iron_ore":36,"minecraft:andesite":14,"treechop:chopped_log":3,"minecraft:grass":12,"minecraft:coal_ore":14,"minecraft:dirt":62,"minecraft:stone":52,"minecraft:oak_leaves":1},"minecraft:killed":{"minecraft:pig":4,"minecraft:zombie_villager":1,"alexsmobs:raccoon":1,"minecraft:spider":1,"minecraft:sheep":3,"minecraft:skeleton":4,"minecraft:zombie":3,"iceandfire:ghost":2,"minecraft:chicken":4,"alexsmobs:crow":1,"minecraft:cow":2},"minecraft:dropped":{"minecraft:stone_hoe":1,"minecraft:stone_axe":1,"minecraft:wheat_seeds":2,"alexsmobs:animal_dictionary":1,"iceandfire:chared_dirt":2,"minecraft:rotten_flesh":4,"minecraft:bundle":1,"minecraft:wooden_axe":1,"minecraft:oak_sapling":13,"minecraft:spider_eye":1,"pfm:furniture_book":1,"minecraft:stone_pickaxe":1,"minecraft:wooden_pickaxe":1,"minecraft:string":3},"minecraft:crafted":{"minecraft:cooked_beef":5,"minecraft:oak_planks":24,"minecraft:cooked_porkchop":3,"minecraft:crafting_table":2,"minecraft:iron_helmet":1,"minecraft:wooden_pickaxe":1,"minecraft:cooked_chicken":4,"minecraft:furnace":1,"minecraft:bucket":1,"minecraft:stone_axe":1,"minecraft:cooked_mutton":2,"minecraft:air":0,"minecraft:iron_chestplate":1,"minecraft:shield":1,"minecraft:iron_axe":1,"minecraft:iron_ingot":18,"minecraft:iron_pickaxe":1,"minecraft:stone_pickaxe":1,"minecraft:wooden_axe":1,"minecraft:white_bed":1,"minecraft:torch":4,"minecraft:stone_hoe":1}},"DataVersion":3465}