{"stats":{"minecraft:broken":{"minecraft:golden_leggings":1,"minecraft:iron_axe":2,"minecraft:iron_helmet":1},"minecraft:custom":{"minecraft:interact_with_anvil":5,"minecraft:mob_kills":56,"minecraft:animals_bred":10,"minecraft:interact_with_crafting_table":43,"minecraft:bell_ring":1,"minecraft:leave_game":6,"minecraft:time_since_death":155579,"minecraft:climb_one_cm":140,"minecraft:sprint_one_cm":550225,"minecraft:walk_one_cm":496661,"minecraft:damage_blocked_by_shield":930,"minecraft:drop":198,"minecraft:talked_to_villager":409,"minecraft:play_time":260178,"minecraft:sneak_time":8638,"minecraft:deaths":14,"minecraft:walk_under_water_one_cm":37959,"minecraft:jump":4508,"minecraft:interact_with_blast_furnace":1,"minecraft:walk_on_water_one_cm":36402,"minecraft:total_world_time":260178,"minecraft:interact_with_furnace":71,"minecraft:traded_with_villager":392,"minecraft:interact_with_grindstone":1,"minecraft:sleep_in_bed":18,"minecraft:waystone_activated":1,"minecraft:time_since_rest":3880,"minecraft:damage_taken":6850,"tombstone:sneak_grave":2,"minecraft:damage_dealt":18613,"minecraft:swim_one_cm":50273,"minecraft:fly_one_cm":806658,"minecraft:open_chest":139,"minecraft:crouch_one_cm":20256,"tombstone:undead_killed":17,"minecraft:fall_one_cm":129549},"minecraft:crafted":{"minecraft:cherry_planks":544,"minecraft:grindstone":1,"minecraft:oak_planks":104,"minecraft:chainmail_helmet":3,"minecraft:cooked_chicken":5,"minecraft:furnace":1,"minecraft:stone":3,"minecraft:bone_meal":24,"minecraft:spruce_fence":45,"minecraft:bookshelf":5,"minecraft:white_carpet":12,"minecraft:cooked_mutton":7,"minecraft:diamond_helmet":1,"minecraft:diamond_leggings":1,"minecraft:iron_axe":3,"minecraft:iron_hoe":1,"minecraft:stone_pickaxe":1,"iceandfire:armor_red_leggings":1,"minecraft:chest":3,"minecraft:diamond_boots":1,"minecraft:dark_oak_planks":628,"minecraft:stone_hoe":1,"minecraft:oak_fence":3,"minecraft:chainmail_leggings":12,"iceandfire:chain":1,"minecraft:cooked_beef":5,"minecraft:oak_slab":18,"minecraft:emerald":313,"minecraft:cooked_porkchop":5,"minecraft:crafting_table":3,"minecraft:spruce_planks":3848,"minecraft:wooden_pickaxe":1,"minecraft:iron_helmet":11,"minecraft:fletching_table":3,"minecraft:bucket":1,"minecraft:stone_axe":1,"minecraft:enchanted_book":3,"minecraft:bread":204,"minecraft:air":0,"minecraft:spruce_trapdoor":2,"minecraft:lectern":4,"minecraft:iron_chestplate":1,"minecraft:white_wool":1,"minecraft:shield":13,"minecraft:stick":9832,"minecraft:stone_slab":6,"minecraft:iron_ingot":30,"minecraft:iron_pickaxe":1,"minecraft:wooden_axe":1,"minecraft:iron_block":3,"minecraft:gold_ingot":25,"minecraft:anvil":1,"minecraft:white_bed":13,"minecraft:torch":4,"minecraft:shears":1,"minecraft:diamond_chestplate":1},"minecraft:dropped":{"iceandfire:chared_stone":2,"minecraft:stone_hoe":1,"minecraft:enchanted_book":1,"minecraft:bread":140,"minecraft:stripped_spruce_log":1,"minecraft:oak_slab":4,"minecraft:wheat_seeds":8,"minecraft:cherry_log":1,"minecraft:crafting_table":1,"minecraft:dark_oak_sapling":3,"minecraft:iron_helmet":20,"iceandfire:chared_dirt":2,"minecraft:oak_fence":9,"minecraft:golden_axe":1,"minecraft:feather":1,"minecraft:cobblestone":6,"iceandfire:fire_dragon_flesh":5,"minecraft:chainmail_helmet":9,"minecraft:stick":11,"iceandfire:podium_spruce":1,"minecraft:wooden_axe":1,"minecraft:cherry_planks":4,"iceandfire:chared_gravel":5,"iceandfire:dragonscales_red":5,"tombstone:grave_dust":2,"minecraft:gold_nugget":5,"minecraft:chainmail_leggings":15,"minecraft:string":3,"minecraft:white_wool":1,"minecraft:spruce_sapling":9,"iceandfire:dragon_skull_fire":1,"minecraft:cauldron":4,"minecraft:dandelion":2,"minecraft:bone":5,"minecraft:stone_axe":1,"minecraft:cooked_chicken":3,"alexsmobs:animal_dictionary":1,"minecraft:obsidian":1,"minecraft:composter":2,"minecraft:rotten_flesh":4,"minecraft:oak_planks":2,"minecraft:golden_shovel":1,"minecraft:white_bed":1,"minecraft:spruce_fence":11,"minecraft:poppy":2,"minecraft:shield":19,"iceandfire:ghost_chest":1,"minecraft:bundle":1,"minecraft:iron_chestplate":1,"minecraft:oak_sapling":13,"iceandfire:lectern":1,"minecraft:spider_eye":1,"minecraft:diamond_boots":1,"pfm:furniture_book":1,"minecraft:arrow":1,"minecraft:stone_pickaxe":1,"minecraft:wooden_pickaxe":1,"minecraft:magma_block":1},"minecraft:used":{"minecraft:poppy":2,"minecraft:chest":3,"minecraft:spruce_planks":33,"minecraft:shield":36,"minecraft:cooked_chicken":9,"minecraft:torch":24,"minecraft:iron_chestplate":1,"minecraft:dirt":182,"minecraft:mutton":5,"minecraft:anvil":1,"minecraft:white_carpet":13,"minecraft:spruce_fence":35,"minecraft:iron_hoe":88,"minecraft:wooden_axe":18,"minecraft:bookshelf":1,"minecraft:iron_axe":574,"iceandfire:ghost_chest":1,"iceandfire:chared_stone":7,"minecraft:furnace":12,"tombstone:gift":8,"minecraft:cooked_beef":5,"minecraft:wheat_seeds":65,"minecraft:cooked_mutton":7,"minecraft:water_bucket":122,"minecraft:diorite":1,"minecraft:stone_pickaxe":45,"minecraft:oak_planks":71,"minecraft:wooden_pickaxe":3,"minecraft:composter":1,"minecraft:fletching_table":11,"iceandfire:chared_dirt":4,"minecraft:white_wool":1,"minecraft:crafting_table":10,"minecraft:blast_furnace":6,"minecraft:white_bed":22,"minecraft:spruce_log":16,"minecraft:oak_log":4,"tombstone:magic_scroll":2,"minecraft:apple":1,"minecraft:spruce_trapdoor":2,"minecraft:fire_charge":2,"minecraft:iron_pickaxe":156,"minecraft:lectern":160,"minecraft:bread":26,"minecraft:string":1,"tombstone:grave_key":1,"minecraft:gravel":19,"minecraft:spruce_sapling":90,"minecraft:stone_axe":82,"minecraft:pink_petals":8,"iceandfire:chared_gravel":8,"minecraft:cobblestone":35,"minecraft:porkchop":3,"minecraft:grindstone":1,"minecraft:cooked_porkchop":5,"minecraft:andesite":13,"minecraft:bucket":123,"minecraft:bone_meal":24},"minecraft:mined":{"minecraft:spruce_planks":3,"minecraft:white_bed":8,"minecraft:spruce_fence":1,"minecraft:grass_block":41,"iceandfire:lectern":1,"iceandfire:chared_dirt":17,"minecraft:spruce_leaves":4,"minecraft:composter":3,"minecraft:magma_block":1,"minecraft:spruce_sapling":5,"minecraft:furnace":11,"minecraft:iron_ore":36,"minecraft:fire":26,"minecraft:andesite":14,"iceandfire:chared_gravel":15,"minecraft:stripped_spruce_log":1,"treechop:chopped_log":10,"minecraft:fletching_table":8,"minecraft:bookshelf":1,"iceandfire:gold_pile":25,"minecraft:water_cauldron":4,"minecraft:stone":55,"iceandfire:podium_spruce":1,"minecraft:white_wool":1,"minecraft:cornflower":1,"minecraft:crafting_table":8,"minecraft:torch":4,"minecraft:blast_furnace":5,"minecraft:emerald_ore":1,"iceandfire:ghost_chest":1,"minecraft:lectern":159,"minecraft:tall_grass":23,"minecraft:cobblestone":2,"minecraft:lapis_ore":2,"minecraft:oak_planks":10,"minecraft:sugar_cane":16,"minecraft:diorite":1,"minecraft:wall_torch":3,"minecraft:pink_petals":2,"minecraft:wheat":24,"minecraft:spruce_log":11,"minecraft:white_carpet":1,"minecraft:birch_leaves":1,"minecraft:grass":104,"minecraft:coal_ore":14,"minecraft:oak_log":1,"minecraft:gravel":33,"minecraft:dirt":116,"minecraft:oak_leaves":1,"iceandfire:chared_stone":12},"minecraft:picked_up":{"minecraft:crafting_table":8,"minecraft:wheat":22,"minecraft:chicken":5,"iceandfire:chain":3,"minecraft:enchanted_book":1,"minecraft:shield":7,"minecraft:string":5,"minecraft:white_carpet":1,"iceandfire:bestiary":1,"minecraft:gold_nugget":228,"minecraft:spruce_planks":3,"minecraft:beef":8,"minecraft:poppy":5,"alexsmobs:raccoon_tail":1,"minecraft:lectern":159,"minecraft:sugar_cane":34,"iceandfire:dragonscales_red":12,"minecraft:furnace":11,"minecraft:egg":3,"minecraft:dark_oak_sapling":3,"minecraft:raw_iron":93,"minecraft:stick":101,"iceandfire:ghost_chest":1,"minecraft:composter":3,"minecraft:oak_fence":6,"minecraft:torch":24,"minecraft:spruce_fence":1,"minecraft:porkchop":11,"minecraft:cherry_log":8,"tombstone:grave_dust":2,"minecraft:diorite":1,"minecraft:cauldron":8,"alexsmobs:crocodile_scute":1,"minecraft:arrow":4,"minecraft:rotten_flesh":6,"iceandfire:chared_dirt":17,"minecraft:diamond_boots":1,"minecraft:white_wool":123,"minecraft:obsidian":1,"minecraft:mutton":15,"minecraft:cobblestone":57,"minecraft:pink_petals":8,"minecraft:magma_block":1,"minecraft:feather":8,"minecraft:cherry_planks":4,"minecraft:andesite":13,"minecraft:leather":4,"minecraft:flint":6,"minecraft:oak_log":30,"minecraft:lapis_lazuli":13,"minecraft:dirt":150,"tombstone:gift":1,"minecraft:bone":8,"minecraft:apple":1,"minecraft:wheat_seeds":77,"minecraft:iron_ingot":39,"minecraft:cooked_chicken":7,"minecraft:fletching_table":8,"iceandfire:fire_dragon_flesh":5,"minecraft:oak_planks":10,"minecraft:book":3,"minecraft:oak_slab":2,"iceandfire:chared_stone":9,"iceandfire:podium_spruce":2,"minecraft:dandelion":2,"minecraft:gravel":27,"iceandfire:dragon_skull_fire":1,"minecraft:stripped_spruce_log":2,"minecraft:spruce_sapling":98,"minecraft:blast_furnace":5,"minecraft:white_bed":10,"minecraft:spruce_log":977,"minecraft:dark_oak_log":40,"minecraft:spider_eye":1,"minecraft:bundle":1,"iceandfire:lectern":1,"minecraft:chainmail_leggings":3,"minecraft:iron_helmet":11,"minecraft:cherry_sapling":8,"minecraft:chainmail_helmet":6,"minecraft:bread":1,"minecraft:emerald":1,"tombstone:magic_scroll":1,"minecraft:oak_sapling":13,"minecraft:coal":92,"iceandfire:chared_gravel":13},"minecraft:killed":{"alexsmobs:raccoon":1,"minecraft:spider":3,"minecraft:skeleton":6,"iceandfire:fire_dragon":1,"minecraft:chicken":5,"minecraft:pig":4,"minecraft:zombie_villager":1,"minecraft:iron_golem":9,"minecraft:sheep":9,"alexsmobs:crocodile":1,"minecraft:zombie":7,"iceandfire:ghost":3,"alexsmobs:crow":3,"minecraft:cow":2}},"DataVersion":3465}