{"stats":{"minecraft:broken":{"minecraft:golden_leggings":1,"minecraft:iron_axe":3,"minecraft:iron_helmet":1},"minecraft:custom":{"minecraft:animals_bred":11,"minecraft:interact_with_crafting_table":50,"minecraft:bell_ring":1,"minecraft:leave_game":6,"minecraft:time_since_death":227579,"minecraft:sprint_one_cm":728182,"minecraft:damage_blocked_by_shield":1005,"minecraft:drop":230,"minecraft:talked_to_villager":443,"minecraft:play_time":332178,"minecraft:deaths":14,"minecraft:jump":5815,"minecraft:walk_on_water_one_cm":44253,"minecraft:interact_with_furnace":74,"minecraft:traded_with_villager":566,"minecraft:sleep_in_bed":23,"minecraft:waystone_activated":1,"tombstone:sneak_grave":2,"minecraft:damage_dealt":25220,"minecraft:crouch_one_cm":21272,"tombstone:undead_killed":17,"minecraft:interact_with_smithing_table":1,"minecraft:mob_kills":65,"minecraft:interact_with_anvil":7,"minecraft:climb_one_cm":140,"minecraft:walk_one_cm":552762,"minecraft:sneak_time":9027,"minecraft:walk_under_water_one_cm":41088,"minecraft:interact_with_blast_furnace":1,"minecraft:total_world_time":332178,"tombstone:raider_killed":1,"minecraft:interact_with_grindstone":2,"minecraft:time_since_rest":2440,"minecraft:damage_taken":7720,"minecraft:swim_one_cm":59660,"minecraft:fly_one_cm":1097461,"minecraft:open_chest":167,"minecraft:fall_one_cm":170934},"minecraft:crafted":{"minecraft:grindstone":1,"minecraft:oak_planks":104,"minecraft:chainmail_helmet":3,"minecraft:cooked_chicken":5,"minecraft:stone":3,"minecraft:bookshelf":5,"minecraft:cooked_mutton":7,"minecraft:glass":3,"minecraft:diamond_helmet":1,"minecraft:diamond_leggings":1,"minecraft:chest":3,"minecraft:stone_hoe":11,"minecraft:oak_fence":3,"minecraft:glass_bottle":3,"minecraft:oak_slab":18,"minecraft:emerald":475,"minecraft:cooked_porkchop":5,"minecraft:crafting_table":4,"minecraft:spruce_planks":6280,"minecraft:wooden_pickaxe":1,"minecraft:iron_helmet":11,"minecraft:smithing_table":1,"minecraft:fletching_table":3,"minecraft:birch_planks":28,"minecraft:spruce_trapdoor":2,"minecraft:lectern":4,"minecraft:iron_chestplate":1,"minecraft:shield":13,"minecraft:stone_slab":6,"minecraft:stick":14696,"minecraft:iron_ingot":30,"minecraft:iron_pickaxe":1,"minecraft:iron_block":3,"minecraft:gold_ingot":25,"minecraft:shears":1,"minecraft:cherry_planks":544,"minecraft:furnace":2,"minecraft:bone_meal":24,"minecraft:spruce_fence":45,"minecraft:white_carpet":12,"minecraft:iron_axe":4,"minecraft:iron_hoe":1,"iceandfire:armor_red_leggings":1,"minecraft:stone_pickaxe":1,"minecraft:diamond_boots":1,"minecraft:dark_oak_planks":628,"minecraft:chainmail_leggings":12,"iceandfire:chain":1,"minecraft:cooked_beef":5,"minecraft:bucket":1,"minecraft:stone_axe":1,"minecraft:enchanted_book":5,"minecraft:bread":204,"minecraft:air":0,"minecraft:white_wool":1,"minecraft:wooden_axe":1,"minecraft:white_bed":14,"minecraft:anvil":1,"minecraft:torch":4,"minecraft:diamond_chestplate":1},"minecraft:dropped":{"iceandfire:chared_stone":2,"minecraft:crafting_table":1,"minecraft:dark_oak_sapling":3,"iceandfire:chared_dirt":2,"iceandfire:fire_dragon_flesh":7,"iceandfire:chared_gravel":5,"iceandfire:dragonscales_red":5,"minecraft:gold_nugget":5,"minecraft:white_wool":1,"minecraft:cauldron":4,"minecraft:bone":5,"minecraft:stone_axe":1,"minecraft:cooked_chicken":3,"alexsmobs:animal_dictionary":1,"minecraft:obsidian":1,"minecraft:rotten_flesh":4,"minecraft:oak_planks":2,"minecraft:golden_shovel":1,"minecraft:white_bed":1,"minecraft:poppy":4,"iceandfire:ghost_chest":1,"minecraft:arrow":1,"minecraft:enchanted_book":1,"minecraft:stone_hoe":11,"minecraft:iron_ingot":5,"minecraft:bread":140,"minecraft:stripped_spruce_log":1,"minecraft:oak_slab":4,"minecraft:wheat_seeds":13,"minecraft:cherry_log":1,"minecraft:feather":1,"minecraft:golden_axe":1,"minecraft:oak_fence":9,"minecraft:iron_helmet":22,"minecraft:cobblestone":6,"minecraft:chainmail_helmet":9,"minecraft:stick":11,"iceandfire:podium_spruce":1,"minecraft:wooden_axe":1,"minecraft:cherry_planks":4,"minecraft:diamond_helmet":1,"tombstone:grave_dust":2,"minecraft:chainmail_leggings":15,"minecraft:string":3,"iceandfire:dragon_skull_fire":1,"minecraft:spruce_sapling":42,"minecraft:dandelion":3,"minecraft:composter":2,"minecraft:stone_slab":5,"minecraft:spruce_fence":11,"minecraft:shield":19,"minecraft:diamond_chestplate":1,"minecraft:bundle":1,"minecraft:iron_chestplate":1,"minecraft:oak_sapling":13,"iceandfire:lectern":1,"minecraft:spider_eye":1,"pfm:furniture_book":1,"minecraft:diamond_boots":2,"minecraft:spruce_log":3,"iceandfire:fire_dragon_heart":1,"minecraft:stone_pickaxe":1,"minecraft:wooden_pickaxe":1,"minecraft:magma_block":1},"minecraft:used":{"minecraft:poppy":2,"minecraft:chest":3,"minecraft:shield":45,"minecraft:iron_chestplate":1,"minecraft:mutton":5,"iceandfire:ghost_chest":1,"iceandfire:chared_stone":7,"minecraft:furnace":13,"minecraft:oak_sapling":1,"minecraft:dark_oak_sapling":1,"minecraft:diorite":1,"minecraft:stone_pickaxe":45,"minecraft:oak_planks":71,"minecraft:wooden_pickaxe":3,"minecraft:composter":1,"minecraft:white_wool":1,"minecraft:sand":1,"minecraft:blast_furnace":6,"minecraft:bread":49,"minecraft:string":1,"minecraft:lectern":160,"tombstone:grave_key":1,"minecraft:gravel":19,"minecraft:fire_charge":2,"minecraft:grindstone":1,"minecraft:smithing_table":4,"minecraft:andesite":13,"minecraft:bone_meal":24,"minecraft:spruce_planks":33,"minecraft:cooked_chicken":9,"minecraft:torch":24,"minecraft:dirt":183,"minecraft:anvil":1,"minecraft:white_carpet":13,"minecraft:spruce_fence":35,"minecraft:iron_hoe":88,"minecraft:wooden_axe":18,"minecraft:bookshelf":1,"minecraft:iron_axe":729,"tombstone:gift":8,"minecraft:cooked_beef":5,"minecraft:wheat_seeds":65,"minecraft:cooked_mutton":7,"minecraft:water_bucket":137,"minecraft:fletching_table":11,"iceandfire:chared_dirt":4,"minecraft:crafting_table":12,"minecraft:white_bed":24,"minecraft:spruce_log":20,"minecraft:oak_log":4,"minecraft:apple":1,"minecraft:iron_pickaxe":172,"tombstone:magic_scroll":2,"minecraft:spruce_trapdoor":2,"minecraft:spruce_sapling":127,"minecraft:stone_axe":82,"minecraft:pink_petals":8,"iceandfire:chared_gravel":8,"minecraft:cobblestone":35,"minecraft:cooked_porkchop":5,"minecraft:porkchop":3,"minecraft:bucket":138},"minecraft:mined":{"minecraft:spruce_planks":3,"minecraft:white_bed":9,"minecraft:grass_block":41,"iceandfire:lectern":1,"minecraft:composter":3,"minecraft:magma_block":1,"minecraft:iron_ore":36,"minecraft:fire":26,"minecraft:fletching_table":8,"iceandfire:gold_pile":25,"minecraft:water_cauldron":4,"minecraft:torch":4,"iceandfire:dragon_ice_spikes":3,"minecraft:blast_furnace":5,"iceandfire:ghost_chest":1,"minecraft:cobblestone":2,"minecraft:grindstone":1,"minecraft:sugar_cane":16,"minecraft:oak_planks":10,"minecraft:wall_torch":3,"minecraft:pink_petals":2,"minecraft:wheat":24,"minecraft:grass":105,"minecraft:oak_log":1,"minecraft:sand":4,"minecraft:dirt":116,"minecraft:oak_leaves":5,"iceandfire:chared_stone":12,"minecraft:spruce_fence":1,"iceandfire:chared_dirt":17,"minecraft:spruce_leaves":5,"minecraft:spruce_sapling":6,"minecraft:furnace":12,"iceandfire:chared_gravel":15,"minecraft:andesite":14,"minecraft:stripped_spruce_log":1,"treechop:chopped_log":12,"minecraft:bookshelf":1,"minecraft:stone":63,"iceandfire:podium_spruce":1,"minecraft:white_wool":1,"minecraft:smithing_table":3,"minecraft:podzol":1,"minecraft:crafting_table":10,"minecraft:cornflower":1,"minecraft:emerald_ore":1,"minecraft:lectern":159,"minecraft:tall_grass":23,"minecraft:lapis_ore":2,"minecraft:diorite":1,"minecraft:white_carpet":1,"minecraft:spruce_log":15,"minecraft:birch_leaves":1,"minecraft:coal_ore":14,"minecraft:gravel":33},"minecraft:picked_up":{"minecraft:wheat":22,"minecraft:smithing_table":3,"minecraft:enchanted_book":1,"minecraft:string":5,"minecraft:gold_nugget":228,"minecraft:spruce_planks":3,"alexsmobs:raccoon_tail":1,"iceandfire:dragonscales_red":12,"minecraft:furnace":12,"minecraft:stick":147,"iceandfire:ghost_chest":1,"minecraft:composter":3,"minecraft:oak_fence":6,"minecraft:torch":24,"minecraft:porkchop":11,"minecraft:cherry_log":8,"tombstone:grave_dust":2,"minecraft:diorite":1,"minecraft:cauldron":8,"minecraft:rotten_flesh":6,"iceandfire:fire_dragon_heart":1,"minecraft:obsidian":1,"minecraft:cobblestone":65,"minecraft:birch_log":7,"minecraft:pink_petals":8,"minecraft:magma_block":1,"minecraft:feather":8,"minecraft:cherry_planks":4,"minecraft:andesite":13,"minecraft:flint":6,"minecraft:lapis_lazuli":13,"minecraft:dirt":151,"iceandfire:dragonscales_bronze":29,"minecraft:bone":8,"minecraft:wheat_seeds":82,"minecraft:grindstone":1,"minecraft:fletching_table":8,"minecraft:diamond_helmet":1,"minecraft:oak_planks":10,"iceandfire:podium_spruce":2,"iceandfire:dragon_skull_fire":2,"minecraft:sand":4,"minecraft:stripped_spruce_log":2,"minecraft:dark_oak_log":40,"minecraft:bundle":1,"iceandfire:lectern":1,"waystones:waystone":1,"minecraft:emerald":1,"minecraft:bread":1,"minecraft:chainmail_helmet":6,"minecraft:oak_sapling":14,"minecraft:crafting_table":10,"minecraft:chicken":5,"iceandfire:chain":3,"minecraft:shield":7,"minecraft:white_carpet":1,"iceandfire:bestiary":1,"minecraft:beef":8,"minecraft:poppy":7,"minecraft:lectern":159,"minecraft:sugar_cane":34,"iceandfire:ice_dragon_heart":1,"minecraft:egg":3,"minecraft:dark_oak_sapling":4,"minecraft:raw_iron":93,"iceandfire:dragonbone":22,"minecraft:spruce_fence":1,"alexsmobs:crocodile_scute":1,"iceandfire:dragon_skull_ice":1,"minecraft:arrow":4,"minecraft:diamond_chestplate":1,"iceandfire:dragonscales_silver":8,"minecraft:diamond_boots":2,"iceandfire:chared_dirt":17,"minecraft:mutton":20,"minecraft:white_wool":126,"minecraft:leather":5,"minecraft:birch_planks":19,"minecraft:oak_log":30,"tombstone:gift":1,"minecraft:apple":1,"minecraft:iron_ingot":48,"minecraft:cooked_chicken":7,"iceandfire:fire_dragon_flesh":9,"minecraft:book":3,"iceandfire:chared_stone":9,"minecraft:oak_slab":2,"minecraft:dandelion":3,"minecraft:gravel":27,"minecraft:spruce_sapling":168,"minecraft:blast_furnace":5,"minecraft:white_bed":11,"minecraft:spruce_log":1813,"minecraft:spider_eye":1,"minecraft:chainmail_leggings":3,"minecraft:iron_helmet":12,"minecraft:cherry_sapling":8,"tombstone:magic_scroll":1,"iceandfire:chared_gravel":13,"minecraft:coal":92},"minecraft:killed":{"minecraft:witch":1,"minecraft:spider":4,"minecraft:skeleton":6,"minecraft:chicken":5,"minecraft:pig":4,"minecraft:zombie_villager":1,"minecraft:iron_golem":10,"minecraft:sheep":12,"minecraft:zombie":7,"minecraft:cow":2,"alexsmobs:raccoon":1,"alexsmobs:sugar_glider":1,"iceandfire:fire_dragon":2,"alexsmobs:crocodile":1,"iceandfire:ghost":3,"iceandfire:ice_dragon":1,"alexsmobs:crow":3}},"DataVersion":3465}