{"stats":{"minecraft:broken":{"minecraft:golden_leggings":1,"minecraft:iron_axe":1,"minecraft:iron_helmet":1},"minecraft:custom":{"minecraft:mob_kills":44,"minecraft:interact_with_crafting_table":28,"minecraft:bell_ring":1,"minecraft:leave_game":4,"minecraft:time_since_death":47907,"minecraft:climb_one_cm":140,"minecraft:sprint_one_cm":348497,"minecraft:walk_one_cm":304263,"minecraft:damage_blocked_by_shield":930,"minecraft:drop":53,"minecraft:talked_to_villager":84,"minecraft:play_time":152506,"minecraft:deaths":14,"minecraft:sneak_time":6178,"minecraft:walk_under_water_one_cm":33627,"minecraft:jump":3241,"minecraft:walk_on_water_one_cm":34058,"minecraft:total_world_time":152506,"minecraft:interact_with_furnace":68,"minecraft:traded_with_villager":71,"minecraft:sleep_in_bed":9,"minecraft:waystone_activated":1,"minecraft:time_since_rest":2275,"minecraft:damage_taken":6187,"tombstone:sneak_grave":2,"minecraft:damage_dealt":9464,"minecraft:swim_one_cm":48300,"minecraft:fly_one_cm":570026,"minecraft:open_chest":58,"minecraft:crouch_one_cm":15347,"tombstone:undead_killed":16,"minecraft:fall_one_cm":80092},"minecraft:mined":{"minecraft:white_bed":7,"minecraft:grass_block":30,"iceandfire:lectern":1,"iceandfire:chared_dirt":17,"minecraft:composter":2,"minecraft:magma_block":1,"minecraft:spruce_sapling":1,"minecraft:furnace":11,"minecraft:iron_ore":36,"minecraft:fire":25,"minecraft:andesite":14,"iceandfire:chared_gravel":15,"treechop:chopped_log":6,"minecraft:fletching_table":3,"minecraft:water_cauldron":4,"iceandfire:gold_pile":25,"minecraft:stone":55,"iceandfire:podium_spruce":1,"minecraft:crafting_table":8,"minecraft:cornflower":1,"minecraft:torch":4,"minecraft:emerald_ore":1,"iceandfire:ghost_chest":1,"minecraft:lectern":28,"minecraft:tall_grass":23,"minecraft:cobblestone":2,"minecraft:lapis_ore":2,"minecraft:oak_planks":1,"minecraft:sugar_cane":16,"minecraft:diorite":1,"minecraft:wall_torch":3,"minecraft:pink_petals":2,"minecraft:birch_leaves":1,"minecraft:grass":43,"minecraft:oak_log":1,"minecraft:coal_ore":14,"minecraft:gravel":14,"minecraft:dirt":100,"minecraft:oak_leaves":1,"iceandfire:chared_stone":12},"minecraft:picked_up":{"minecraft:crafting_table":8,"minecraft:chicken":5,"iceandfire:chain":3,"minecraft:enchanted_book":1,"minecraft:string":5,"iceandfire:bestiary":1,"minecraft:gold_nugget":228,"minecraft:beef":8,"minecraft:poppy":2,"alexsmobs:raccoon_tail":1,"minecraft:lectern":28,"minecraft:sugar_cane":34,"iceandfire:dragonscales_red":12,"minecraft:furnace":11,"minecraft:egg":3,"minecraft:dark_oak_sapling":3,"minecraft:stick":45,"minecraft:raw_iron":93,"iceandfire:ghost_chest":1,"minecraft:composter":2,"minecraft:torch":24,"minecraft:porkchop":11,"minecraft:cherry_log":7,"minecraft:diorite":1,"alexsmobs:crocodile_scute":1,"minecraft:cauldron":8,"minecraft:arrow":4,"minecraft:rotten_flesh":4,"iceandfire:chared_dirt":17,"minecraft:obsidian":1,"minecraft:mutton":15,"minecraft:cobblestone":54,"minecraft:white_wool":8,"minecraft:pink_petals":8,"minecraft:magma_block":1,"minecraft:feather":7,"minecraft:andesite":13,"minecraft:leather":4,"minecraft:flint":4,"minecraft:oak_log":30,"minecraft:lapis_lazuli":13,"minecraft:dirt":123,"tombstone:gift":1,"minecraft:bone":3,"minecraft:apple":1,"minecraft:wheat_seeds":7,"minecraft:iron_ingot":5,"minecraft:cooked_chicken":7,"minecraft:fletching_table":3,"minecraft:oak_planks":1,"iceandfire:fire_dragon_flesh":5,"minecraft:oak_slab":2,"iceandfire:chared_stone":9,"iceandfire:podium_spruce":2,"minecraft:dandelion":2,"minecraft:gravel":10,"iceandfire:dragon_skull_fire":1,"minecraft:spruce_sapling":17,"minecraft:white_bed":8,"minecraft:spruce_log":71,"minecraft:dark_oak_log":40,"minecraft:spider_eye":1,"minecraft:bundle":1,"iceandfire:lectern":1,"minecraft:cherry_sapling":8,"minecraft:emerald":1,"tombstone:magic_scroll":1,"minecraft:oak_sapling":13,"minecraft:coal":92,"iceandfire:chared_gravel":13},"minecraft:crafted":{"minecraft:cherry_planks":28,"minecraft:oak_planks":104,"minecraft:cooked_chicken":5,"minecraft:furnace":1,"minecraft:bone_meal":9,"minecraft:bookshelf":4,"minecraft:cooked_mutton":7,"minecraft:iron_axe":2,"iceandfire:armor_red_leggings":1,"minecraft:stone_pickaxe":1,"minecraft:chest":3,"minecraft:dark_oak_planks":628,"minecraft:stone_hoe":1,"iceandfire:chain":1,"minecraft:cooked_beef":5,"minecraft:oak_slab":18,"minecraft:emerald":51,"minecraft:cooked_porkchop":5,"minecraft:crafting_table":2,"minecraft:spruce_planks":284,"minecraft:iron_helmet":1,"minecraft:wooden_pickaxe":1,"minecraft:bucket":1,"minecraft:stone_axe":1,"minecraft:bread":120,"minecraft:air":0,"minecraft:lectern":4,"minecraft:white_wool":1,"minecraft:iron_chestplate":1,"minecraft:shield":1,"minecraft:stick":1944,"minecraft:iron_ingot":30,"minecraft:iron_pickaxe":1,"minecraft:wooden_axe":1,"minecraft:gold_ingot":25,"minecraft:white_bed":3,"minecraft:torch":4},"minecraft:used":{"minecraft:poppy":2,"minecraft:chest":3,"minecraft:shield":36,"minecraft:cooked_chicken":9,"minecraft:iron_chestplate":1,"minecraft:torch":24,"minecraft:dirt":78,"minecraft:mutton":5,"minecraft:wooden_axe":18,"minecraft:iron_axe":206,"iceandfire:ghost_chest":1,"iceandfire:chared_stone":7,"minecraft:furnace":12,"tombstone:gift":8,"minecraft:cooked_beef":5,"minecraft:cooked_mutton":7,"minecraft:water_bucket":88,"minecraft:diorite":1,"minecraft:stone_pickaxe":45,"minecraft:oak_planks":68,"minecraft:wooden_pickaxe":3,"minecraft:fletching_table":3,"iceandfire:chared_dirt":4,"minecraft:crafting_table":10,"minecraft:white_bed":11,"minecraft:oak_log":4,"minecraft:apple":1,"minecraft:bread":8,"minecraft:string":1,"minecraft:iron_pickaxe":151,"minecraft:lectern":28,"tombstone:magic_scroll":2,"tombstone:grave_key":1,"minecraft:spruce_sapling":18,"minecraft:stone_axe":82,"minecraft:pink_petals":8,"minecraft:fire_charge":1,"iceandfire:chared_gravel":8,"minecraft:cobblestone":35,"minecraft:porkchop":3,"minecraft:cooked_porkchop":5,"minecraft:andesite":13,"minecraft:bucket":89,"minecraft:bone_meal":9},"minecraft:dropped":{"iceandfire:chared_stone":2,"minecraft:enchanted_book":1,"minecraft:stone_hoe":1,"minecraft:bread":51,"minecraft:oak_slab":4,"minecraft:wheat_seeds":7,"minecraft:dark_oak_sapling":3,"iceandfire:chared_dirt":2,"minecraft:golden_axe":1,"minecraft:cobblestone":3,"iceandfire:fire_dragon_flesh":5,"minecraft:stick":9,"iceandfire:podium_spruce":1,"minecraft:wooden_axe":1,"iceandfire:chared_gravel":5,"iceandfire:dragonscales_red":5,"tombstone:grave_dust":2,"minecraft:gold_nugget":5,"minecraft:string":3,"iceandfire:dragon_skull_fire":1,"minecraft:dandelion":2,"minecraft:cauldron":4,"minecraft:stone_axe":1,"minecraft:cooked_chicken":3,"alexsmobs:animal_dictionary":1,"minecraft:obsidian":1,"minecraft:composter":2,"minecraft:rotten_flesh":4,"minecraft:oak_planks":2,"minecraft:golden_shovel":1,"iceandfire:ghost_chest":1,"minecraft:bundle":1,"minecraft:oak_sapling":13,"iceandfire:lectern":1,"minecraft:spider_eye":1,"pfm:furniture_book":1,"minecraft:arrow":1,"minecraft:wooden_pickaxe":1,"minecraft:stone_pickaxe":1,"minecraft:magma_block":1},"minecraft:killed":{"alexsmobs:raccoon":1,"minecraft:spider":3,"minecraft:skeleton":6,"iceandfire:fire_dragon":1,"minecraft:chicken":5,"minecraft:pig":4,"minecraft:zombie_villager":1,"minecraft:sheep":9,"minecraft:zombie":6,"alexsmobs:crocodile":1,"iceandfire:ghost":3,"alexsmobs:crow":1,"minecraft:cow":2}},"DataVersion":3465}