{"stats":{"minecraft:used":{"minecraft:water_bucket":3,"minecraft:diorite":1,"minecraft:stone_pickaxe":45,"minecraft:wooden_pickaxe":3,"minecraft:shield":2,"minecraft:cooked_chicken":1,"minecraft:torch":5,"minecraft:dirt":20,"minecraft:crafting_table":6,"minecraft:wooden_axe":18,"minecraft:apple":1,"minecraft:iron_pickaxe":78,"minecraft:stone_axe":22,"minecraft:cobblestone":29,"minecraft:furnace":4,"minecraft:cooked_porkchop":3,"minecraft:andesite":13,"minecraft:bucket":4},"minecraft:picked_up":{"minecraft:crafting_table":6,"minecraft:feather":6,"minecraft:chicken":4,"minecraft:andesite":13,"minecraft:oak_log":30,"minecraft:lapis_lazuli":13,"minecraft:dirt":28,"minecraft:apple":1,"minecraft:iron_ingot":2,"alexsmobs:raccoon_tail":1,"minecraft:sugar_cane":34,"minecraft:egg":2,"minecraft:furnace":3,"minecraft:raw_iron":35,"minecraft:stick":24,"minecraft:torch":5,"minecraft:porkchop":10,"minecraft:diorite":1,"iceandfire:chared_dirt":1,"minecraft:emerald":1,"minecraft:oak_sapling":13,"minecraft:coal":47,"minecraft:cobblestone":51},"minecraft:custom":{"minecraft:interact_with_furnace":13,"minecraft:mob_kills":11,"minecraft:interact_with_crafting_table":12,"minecraft:leave_game":1,"minecraft:time_since_death":26140,"minecraft:time_since_rest":26140,"minecraft:sprint_one_cm":96260,"minecraft:damage_taken":316,"minecraft:walk_one_cm":39161,"minecraft:damage_blocked_by_shield":60,"minecraft:drop":7,"minecraft:damage_dealt":984,"minecraft:swim_one_cm":14059,"minecraft:fly_one_cm":89921,"minecraft:open_chest":1,"minecraft:crouch_one_cm":3727,"minecraft:play_time":26140,"tombstone:undead_killed":1,"minecraft:sneak_time":1469,"minecraft:walk_under_water_one_cm":1214,"minecraft:jump":562,"minecraft:walk_on_water_one_cm":5543,"minecraft:total_world_time":26140,"minecraft:fall_one_cm":11428},"minecraft:mined":{"minecraft:crafting_table":6,"minecraft:torch":4,"minecraft:emerald_ore":1,"minecraft:grass_block":3,"iceandfire:chared_dirt":1,"minecraft:lapis_ore":2,"minecraft:sugar_cane":16,"minecraft:diorite":1,"minecraft:furnace":3,"minecraft:iron_ore":36,"minecraft:andesite":14,"treechop:chopped_log":2,"minecraft:grass":4,"minecraft:coal_ore":14,"minecraft:dirt":24,"minecraft:stone":52,"minecraft:oak_leaves":1},"minecraft:killed":{"minecraft:pig":4,"alexsmobs:raccoon":1,"minecraft:skeleton":1,"minecraft:chicken":4,"alexsmobs:crow":1},"minecraft:dropped":{"minecraft:stone_hoe":1,"alexsmobs:animal_dictionary":1,"minecraft:wooden_axe":1,"minecraft:oak_sapling":13,"pfm:furniture_book":1,"minecraft:stone_pickaxe":1,"minecraft:wooden_pickaxe":1},"minecraft:crafted":{"minecraft:oak_planks":20,"minecraft:cooked_porkchop":3,"minecraft:crafting_table":1,"minecraft:wooden_pickaxe":1,"minecraft:cooked_chicken":2,"minecraft:furnace":1,"minecraft:bucket":1,"minecraft:stone_axe":1,"minecraft:air":0,"minecraft:shield":1,"minecraft:iron_ingot":7,"minecraft:iron_pickaxe":1,"minecraft:stone_pickaxe":1,"minecraft:wooden_axe":1,"minecraft:torch":4,"minecraft:stone_hoe":1}},"DataVersion":3465}