{"stats":{"minecraft:used":{"minecraft:stone_pickaxe":116,"minecraft:wooden_pickaxe":26,"minecraft:iron_sword":28,"minecraft:iron_chestplate":1,"minecraft:dirt":4,"minecraft:crafting_table":7,"minecraft:tuff":1,"minecraft:iron_pickaxe":28,"minecraft:iron_boots":1,"minecraft:stone_axe":47,"minecraft:cobblestone":20,"minecraft:furnace":8,"minecraft:cooked_porkchop":6,"alexsmobs:animal_dictionary":1,"minecraft:egg":1,"minecraft:cobbled_deepslate":7},"minecraft:picked_up":{"minecraft:crafting_table":5,"minecraft:feather":6,"minecraft:chicken":2,"minecraft:leather":1,"minecraft:tuff":1,"minecraft:oak_log":18,"minecraft:dirt":5,"minecraft:string":1,"minecraft:bone":3,"minecraft:wheat_seeds":1,"minecraft:gold_nugget":148,"minecraft:cobbled_deepslate":7,"minecraft:beef":1,"minecraft:stone_pickaxe":1,"minecraft:sugar_cane":7,"minecraft:furnace":8,"minecraft:egg":1,"minecraft:raw_iron":33,"minecraft:stick":5,"minecraft:dripstone_block":1,"sophisticatedbackpacks:backpack":1,"minecraft:porkchop":16,"minecraft:cherry_log":2,"minecraft:spruce_sapling":3,"minecraft:diorite":30,"minecraft:spruce_log":6,"minecraft:redstone":4,"minecraft:spider_eye":1,"minecraft:rotten_flesh":2,"waystones:waystone":2,"minecraft:granite":3,"minecraft:cherry_sapling":7,"minecraft:oak_sapling":12,"minecraft:mutton":4,"minecraft:coal":148,"minecraft:white_wool":4,"minecraft:cobblestone":42},"minecraft:custom":{"minecraft:interact_with_furnace":47,"minecraft:mob_kills":23,"minecraft:interact_with_crafting_table":11,"minecraft:leave_game":1,"minecraft:time_since_death":41017,"minecraft:climb_one_cm":96,"minecraft:time_since_rest":41017,"minecraft:sprint_one_cm":133475,"minecraft:damage_taken":342,"minecraft:walk_one_cm":76936,"minecraft:drop":32,"minecraft:damage_dealt":2741,"minecraft:damage_dealt_absorbed":120,"minecraft:swim_one_cm":2404,"minecraft:fly_one_cm":127251,"minecraft:open_chest":10,"minecraft:crouch_one_cm":11800,"minecraft:play_time":41017,"tombstone:undead_killed":5,"minecraft:sneak_time":3200,"minecraft:walk_under_water_one_cm":2111,"minecraft:jump":813,"minecraft:walk_on_water_one_cm":3906,"minecraft:total_world_time":41017,"minecraft:fall_one_cm":23662},"minecraft:mined":{"minecraft:tuff":1,"minecraft:crafting_table":5,"minecraft:granite":3,"minecraft:grass_block":4,"minecraft:tall_grass":2,"minecraft:spruce_leaves":8,"minecraft:sugar_cane":3,"minecraft:diorite":11,"minecraft:furnace":8,"minecraft:cobbled_deepslate":1,"minecraft:iron_ore":19,"treechop:chopped_log":4,"minecraft:grass":15,"minecraft:coal_ore":47,"minecraft:deepslate_iron_ore":14,"iceandfire:gold_pile":15,"minecraft:dripstone_block":1,"minecraft:dirt":4,"minecraft:stone":42,"minecraft:deepslate":6},"minecraft:killed":{"minecraft:pig":10,"minecraft:spider":1,"minecraft:creeper":1,"minecraft:sheep":3,"minecraft:skeleton":2,"minecraft:zombie":2,"iceandfire:ghost":1,"minecraft:chicken":2,"minecraft:cow":1},"minecraft:dropped":{"minecraft:wheat_seeds":1,"minecraft:cherry_log":2,"alexsmobs:animal_dictionary":1,"minecraft:dripstone_block":1,"minecraft:cherry_sapling":7,"minecraft:feather":6,"minecraft:rotten_flesh":3,"minecraft:granite":3,"minecraft:stick":1,"minecraft:dirt":1,"minecraft:diorite":30,"minecraft:skeleton_skull":1,"minecraft:spruce_planks":24,"minecraft:oak_sapling":12,"minecraft:spider_eye":1,"minecraft:gold_nugget":4,"pfm:furniture_book":1,"minecraft:stone_pickaxe":2,"minecraft:wooden_pickaxe":1,"minecraft:white_wool":2,"minecraft:redstone":8},"minecraft:crafted":{"minecraft:cooked_beef":1,"minecraft:oak_planks":72,"minecraft:cooked_porkchop":13,"minecraft:crafting_table":3,"minecraft:spruce_planks":24,"minecraft:iron_helmet":1,"minecraft:cooked_chicken":2,"minecraft:wooden_pickaxe":1,"minecraft:furnace":2,"minecraft:bucket":1,"minecraft:stone_axe":1,"minecraft:cooked_mutton":2,"minecraft:air":0,"minecraft:iron_boots":1,"minecraft:iron_chestplate":1,"minecraft:shield":1,"minecraft:stick":4,"minecraft:iron_ingot":33,"minecraft:iron_pickaxe":1,"minecraft:stone_pickaxe":1,"minecraft:gold_ingot":16}},"DataVersion":3465}