{"stats":{"minecraft:used":{"minecraft:stone_pickaxe":12,"minecraft:wooden_pickaxe":26,"minecraft:stone_axe":20,"minecraft:dirt":4,"minecraft:cobblestone":1,"minecraft:crafting_table":3,"minecraft:furnace":2,"alexsmobs:animal_dictionary":1},"minecraft:picked_up":{"minecraft:stick":4,"minecraft:crafting_table":2,"minecraft:porkchop":5,"minecraft:oak_log":18,"minecraft:string":1,"minecraft:spider_eye":1,"minecraft:dirt":5,"minecraft:wheat_seeds":1,"minecraft:oak_sapling":12,"minecraft:sugar_cane":7,"minecraft:coal":6,"minecraft:cobblestone":31},"minecraft:custom":{"minecraft:time_since_rest":11707,"minecraft:interact_with_furnace":1,"minecraft:sprint_one_cm":18760,"minecraft:damage_taken":20,"minecraft:walk_one_cm":16712,"minecraft:mob_kills":5,"minecraft:drop":8,"minecraft:damage_dealt":570,"minecraft:interact_with_crafting_table":3,"minecraft:fly_one_cm":19499,"minecraft:crouch_one_cm":2881,"minecraft:play_time":11707,"minecraft:sneak_time":751,"minecraft:jump":128,"minecraft:leave_game":1,"minecraft:walk_on_water_one_cm":1482,"minecraft:time_since_death":11707,"minecraft:total_world_time":11707,"minecraft:climb_one_cm":96,"minecraft:fall_one_cm":1316},"minecraft:mined":{"treechop:chopped_log":3,"minecraft:crafting_table":2,"minecraft:grass":4,"minecraft:grass_block":4,"minecraft:coal_ore":7,"minecraft:dirt":4,"minecraft:stone":31,"minecraft:sugar_cane":3},"minecraft:killed":{"minecraft:pig":4,"minecraft:spider":1},"minecraft:dropped":{"minecraft:dirt":1,"minecraft:wheat_seeds":1,"alexsmobs:animal_dictionary":1,"minecraft:oak_sapling":12,"pfm:furniture_book":1,"minecraft:wooden_pickaxe":1},"minecraft:crafted":{"minecraft:oak_planks":72,"minecraft:crafting_table":2,"minecraft:stick":4,"minecraft:wooden_pickaxe":1,"minecraft:stone_pickaxe":1,"minecraft:furnace":2,"minecraft:stone_axe":1}},"DataVersion":3465}