{"stats":{"minecraft:used":{"minecraft:shield":6,"minecraft:iron_sword":151,"minecraft:cooked_chicken":2,"minecraft:iron_chestplate":1,"minecraft:dirt":21,"minecraft:tuff":1,"minecraft:lava_bucket":2,"minecraft:iron_boots":1,"minecraft:furnace":17,"tombstone:gift":3,"minecraft:egg":1,"minecraft:cobbled_deepslate":7,"minecraft:cooked_mutton":9,"minecraft:water_bucket":78,"iceandfire:fire_dragon_flesh":4,"minecraft:stone_pickaxe":116,"minecraft:wooden_pickaxe":26,"minecraft:crafting_table":8,"minecraft:white_bed":1,"waystones:waystone":1,"minecraft:bread":4,"minecraft:iron_pickaxe":116,"minecraft:stone_axe":90,"minecraft:fire_charge":1,"minecraft:cobblestone":49,"minecraft:cooked_porkchop":23,"minecraft:bucket":81,"alexsmobs:animal_dictionary":1},"minecraft:picked_up":{"minecraft:crafting_table":6,"minecraft:chicken":6,"minecraft:gold_block":3,"minecraft:enchanted_book":1,"minecraft:string":3,"minecraft:gold_nugget":370,"minecraft:cobbled_deepslate":7,"minecraft:beef":11,"minecraft:rose_bush":1,"minecraft:poppy":8,"minecraft:sugar_cane":12,"iceandfire:dragonscales_red":13,"minecraft:egg":1,"minecraft:furnace":15,"minecraft:stick":5,"minecraft:raw_iron":42,"iceandfire:dragonbone":9,"sophisticatedbackpacks:backpack":1,"minecraft:porkchop":22,"minecraft:cherry_log":2,"tombstone:grave_dust":1,"minecraft:diorite":30,"minecraft:redstone":4,"minecraft:arrow":1,"minecraft:rotten_flesh":7,"iceandfire:chared_dirt":7,"minecraft:hay_block":40,"iceandfire:fire_dragon_heart":1,"tombstone:essence_of_undeath":1,"minecraft:mutton":20,"minecraft:white_wool":16,"minecraft:cobblestone":75,"minecraft:birch_log":1,"minecraft:pink_petals":25,"minecraft:feather":12,"minecraft:cooked_beef":9,"minecraft:andesite":1,"minecraft:leather":7,"minecraft:tuff":1,"minecraft:oak_log":18,"minecraft:dirt":23,"minecraft:bone":5,"minecraft:wheat_seeds":7,"minecraft:iron_ingot":19,"minecraft:stone_pickaxe":1,"minecraft:oak_planks":1,"iceandfire:fire_dragon_flesh":4,"minecraft:book":36,"iceandfire:chared_stone":8,"minecraft:dripstone_block":1,"iceandfire:dragon_skull_fire":1,"minecraft:spruce_sapling":3,"minecraft:blast_furnace":1,"minecraft:white_bed":7,"minecraft:spruce_log":6,"minecraft:spider_eye":1,"waystones:waystone":3,"minecraft:granite":3,"minecraft:cherry_sapling":8,"minecraft:oak_sapling":12,"minecraft:coal":238,"iceandfire:chared_gravel":14},"minecraft:custom":{"minecraft:mob_kills":59,"minecraft:interact_with_crafting_table":14,"minecraft:leave_game":1,"minecraft:time_since_death":2103,"minecraft:climb_one_cm":96,"minecraft:sprint_one_cm":332684,"minecraft:walk_one_cm":212031,"minecraft:damage_blocked_by_shield":160,"minecraft:drop":67,"minecraft:damage_dealt_absorbed":120,"minecraft:talked_to_villager":12,"minecraft:play_time":101017,"minecraft:deaths":2,"minecraft:sneak_time":6992,"minecraft:walk_under_water_one_cm":30567,"minecraft:jump":2109,"minecraft:walk_on_water_one_cm":42143,"minecraft:total_world_time":101017,"minecraft:interact_with_furnace":90,"minecraft:sleep_in_bed":2,"minecraft:time_since_rest":2060,"minecraft:waystone_activated":1,"minecraft:damage_taken":3628,"minecraft:damage_dealt":11579,"minecraft:swim_one_cm":49079,"minecraft:fly_one_cm":327779,"minecraft:open_chest":37,"minecraft:crouch_one_cm":17759,"tombstone:undead_killed":10,"minecraft:fall_one_cm":48748,"minecraft:horse_one_cm":83516},"minecraft:mined":{"minecraft:tuff":1,"minecraft:white_bed":5,"minecraft:granite":3,"minecraft:grass_block":8,"iceandfire:chared_dirt":5,"minecraft:spruce_leaves":8,"minecraft:hay_block":40,"minecraft:furnace":15,"minecraft:iron_ore":28,"minecraft:cobbled_deepslate":1,"minecraft:fire":8,"minecraft:andesite":1,"iceandfire:chared_gravel":4,"treechop:chopped_log":4,"minecraft:gold_block":3,"minecraft:bookshelf":12,"iceandfire:gold_pile":33,"minecraft:deepslate_iron_ore":14,"minecraft:stone":47,"minecraft:crafting_table":6,"minecraft:blast_furnace":1,"minecraft:rose_bush":1,"minecraft:cobblestone":24,"minecraft:tall_grass":2,"minecraft:oak_planks":1,"minecraft:sugar_cane":5,"minecraft:diorite":11,"minecraft:grass":25,"minecraft:coal_ore":47,"minecraft:dripstone_block":1,"minecraft:dirt":15,"minecraft:deepslate":6,"iceandfire:chared_stone":4},"minecraft:killed":{"minecraft:spider":3,"minecraft:skeleton":3,"minecraft:chicken":6,"minecraft:pig":13,"minecraft:iron_golem":5,"minecraft:creeper":1,"minecraft:sheep":15,"minecraft:zombie":6,"iceandfire:ghost":1,"minecraft:cow":5},"minecraft:dropped":{"iceandfire:chared_stone":8,"minecraft:enchanted_book":1,"minecraft:wheat_seeds":7,"minecraft:cooked_beef":15,"minecraft:cherry_log":2,"minecraft:dripstone_block":1,"minecraft:feather":12,"minecraft:granite":3,"minecraft:stick":1,"minecraft:dirt":3,"minecraft:diorite":30,"minecraft:rose_bush":1,"iceandfire:chared_gravel":7,"minecraft:gold_nugget":10,"minecraft:sand":2,"minecraft:string":1,"minecraft:pink_petals":25,"minecraft:white_wool":2,"minecraft:bone":1,"minecraft:redstone":8,"minecraft:cooked_chicken":4,"alexsmobs:animal_dictionary":1,"minecraft:cherry_sapling":8,"minecraft:rotten_flesh":8,"minecraft:white_bed":2,"minecraft:poppy":8,"minecraft:spruce_planks":24,"minecraft:skeleton_skull":1,"minecraft:oak_sapling":12,"minecraft:spider_eye":1,"pfm:furniture_book":1,"minecraft:arrow":1,"minecraft:wooden_pickaxe":1,"minecraft:stone_pickaxe":2},"minecraft:broken":{"minecraft:stone_axe":1},"minecraft:crafted":{"minecraft:oak_planks":72,"minecraft:cooked_chicken":6,"minecraft:furnace":2,"minecraft:cooked_mutton":21,"minecraft:iron_boots":1,"minecraft:stone_pickaxe":1,"minecraft:wheat":360,"minecraft:cooked_beef":13,"minecraft:cooked_porkchop":23,"minecraft:crafting_table":3,"minecraft:spruce_planks":24,"minecraft:wooden_pickaxe":1,"minecraft:iron_helmet":1,"minecraft:bucket":1,"minecraft:stone_axe":1,"minecraft:bread":120,"minecraft:air":0,"minecraft:iron_chestplate":1,"minecraft:shield":1,"minecraft:stick":4,"minecraft:iron_ingot":33,"minecraft:iron_pickaxe":1,"minecraft:gold_ingot":49}},"DataVersion":3465}