{"stats":{"minecraft:used":{"minecraft:cooked_mutton":8,"minecraft:water_bucket":25,"minecraft:stone_pickaxe":116,"minecraft:wooden_pickaxe":26,"minecraft:iron_sword":67,"minecraft:cooked_chicken":2,"minecraft:iron_chestplate":1,"minecraft:dirt":21,"minecraft:crafting_table":8,"minecraft:tuff":1,"waystones:waystone":1,"minecraft:iron_pickaxe":79,"minecraft:iron_boots":1,"minecraft:fire_charge":1,"minecraft:stone_axe":52,"minecraft:cobblestone":20,"minecraft:furnace":12,"minecraft:cooked_porkchop":22,"minecraft:bucket":26,"tombstone:gift":2,"alexsmobs:animal_dictionary":1,"minecraft:egg":1,"minecraft:cobbled_deepslate":7},"minecraft:picked_up":{"minecraft:birch_log":1,"minecraft:pink_petals":7,"minecraft:crafting_table":6,"minecraft:feather":6,"minecraft:chicken":2,"minecraft:andesite":1,"minecraft:leather":1,"minecraft:gold_block":1,"minecraft:enchanted_book":1,"minecraft:tuff":1,"minecraft:oak_log":18,"minecraft:dirt":21,"minecraft:string":2,"minecraft:bone":4,"minecraft:wheat_seeds":3,"minecraft:gold_nugget":370,"minecraft:cobbled_deepslate":7,"minecraft:beef":1,"minecraft:stone_pickaxe":1,"minecraft:rose_bush":1,"minecraft:sugar_cane":7,"iceandfire:fire_dragon_flesh":4,"iceandfire:dragonscales_red":13,"minecraft:furnace":12,"minecraft:egg":1,"iceandfire:chared_stone":8,"minecraft:raw_iron":41,"minecraft:stick":5,"iceandfire:dragonbone":9,"iceandfire:dragon_skull_fire":1,"minecraft:white_bed":2,"minecraft:dripstone_block":1,"sophisticatedbackpacks:backpack":1,"minecraft:porkchop":22,"tombstone:grave_dust":1,"minecraft:cherry_log":2,"minecraft:spruce_sapling":3,"minecraft:diorite":30,"minecraft:spruce_log":6,"minecraft:redstone":4,"minecraft:spider_eye":1,"minecraft:rotten_flesh":7,"waystones:waystone":2,"iceandfire:chared_dirt":7,"iceandfire:fire_dragon_heart":1,"minecraft:granite":3,"minecraft:cherry_sapling":8,"minecraft:oak_sapling":12,"iceandfire:chared_gravel":14,"minecraft:mutton":8,"minecraft:coal":212,"minecraft:white_wool":6,"minecraft:cobblestone":49},"minecraft:custom":{"minecraft:interact_with_furnace":61,"minecraft:mob_kills":30,"minecraft:interact_with_crafting_table":12,"minecraft:leave_game":1,"minecraft:time_since_death":17321,"minecraft:climb_one_cm":96,"minecraft:waystone_activated":1,"minecraft:time_since_rest":16770,"minecraft:sprint_one_cm":196333,"minecraft:damage_taken":2788,"minecraft:walk_one_cm":108947,"minecraft:drop":45,"minecraft:damage_dealt":4168,"minecraft:damage_dealt_absorbed":120,"minecraft:swim_one_cm":37792,"minecraft:fly_one_cm":205114,"minecraft:open_chest":25,"minecraft:deaths":1,"minecraft:crouch_one_cm":13995,"minecraft:play_time":65017,"tombstone:undead_killed":6,"minecraft:sneak_time":4735,"minecraft:walk_under_water_one_cm":26680,"minecraft:jump":1346,"minecraft:walk_on_water_one_cm":24194,"minecraft:total_world_time":65017,"minecraft:fall_one_cm":32189},"minecraft:mined":{"minecraft:tuff":1,"minecraft:crafting_table":6,"minecraft:granite":3,"minecraft:grass_block":6,"minecraft:rose_bush":1,"minecraft:tall_grass":2,"iceandfire:chared_dirt":5,"minecraft:spruce_leaves":8,"minecraft:sugar_cane":3,"minecraft:diorite":11,"minecraft:furnace":12,"minecraft:fire":4,"minecraft:cobbled_deepslate":1,"minecraft:iron_ore":27,"iceandfire:chared_gravel":4,"minecraft:andesite":1,"treechop:chopped_log":4,"minecraft:gold_block":1,"minecraft:grass":15,"minecraft:coal_ore":47,"minecraft:deepslate_iron_ore":14,"iceandfire:gold_pile":33,"minecraft:dripstone_block":1,"minecraft:dirt":12,"minecraft:stone":45,"iceandfire:chared_stone":4,"minecraft:deepslate":6},"minecraft:killed":{"minecraft:pig":13,"minecraft:spider":1,"minecraft:creeper":1,"minecraft:sheep":6,"minecraft:skeleton":2,"minecraft:zombie":3,"iceandfire:ghost":1,"minecraft:chicken":2,"minecraft:cow":1},"minecraft:dropped":{"iceandfire:chared_stone":8,"minecraft:enchanted_book":1,"minecraft:wheat_seeds":3,"minecraft:cherry_log":2,"alexsmobs:animal_dictionary":1,"minecraft:dripstone_block":1,"minecraft:cherry_sapling":8,"minecraft:feather":6,"minecraft:rotten_flesh":8,"minecraft:granite":3,"minecraft:white_bed":2,"minecraft:stick":1,"minecraft:dirt":1,"iceandfire:chared_gravel":7,"minecraft:diorite":30,"minecraft:skeleton_skull":1,"minecraft:spruce_planks":24,"minecraft:rose_bush":1,"minecraft:oak_sapling":12,"minecraft:spider_eye":1,"minecraft:gold_nugget":10,"pfm:furniture_book":1,"minecraft:sand":2,"minecraft:stone_pickaxe":2,"minecraft:wooden_pickaxe":1,"minecraft:pink_petals":7,"minecraft:white_wool":2,"minecraft:redstone":8},"minecraft:crafted":{"minecraft:cooked_beef":1,"minecraft:oak_planks":72,"minecraft:cooked_porkchop":22,"minecraft:crafting_table":3,"minecraft:spruce_planks":24,"minecraft:iron_helmet":1,"minecraft:cooked_chicken":2,"minecraft:wooden_pickaxe":1,"minecraft:furnace":2,"minecraft:bucket":1,"minecraft:stone_axe":1,"minecraft:cooked_mutton":8,"minecraft:air":0,"minecraft:iron_boots":1,"minecraft:iron_chestplate":1,"minecraft:shield":1,"minecraft:stick":4,"minecraft:iron_ingot":33,"minecraft:iron_pickaxe":1,"minecraft:stone_pickaxe":1,"minecraft:gold_ingot":49}},"DataVersion":3465}