{"stats":{"minecraft:used":{"minecraft:stone_pickaxe":30,"minecraft:wooden_pickaxe":26,"minecraft:stone_axe":28,"minecraft:dirt":4,"minecraft:cobblestone":2,"minecraft:crafting_table":3,"minecraft:furnace":2,"minecraft:cooked_porkchop":1,"alexsmobs:animal_dictionary":1,"minecraft:egg":1},"minecraft:picked_up":{"minecraft:stick":4,"minecraft:crafting_table":2,"minecraft:feather":3,"minecraft:chicken":2,"minecraft:porkchop":5,"minecraft:oak_log":18,"minecraft:spruce_sapling":3,"minecraft:spruce_log":6,"minecraft:string":1,"minecraft:spider_eye":1,"minecraft:dirt":5,"minecraft:wheat_seeds":1,"waystones:waystone":1,"minecraft:oak_sapling":12,"minecraft:sugar_cane":7,"minecraft:coal":25,"minecraft:egg":1,"minecraft:cobblestone":31,"minecraft:furnace":2},"minecraft:custom":{"minecraft:time_since_rest":17017,"minecraft:interact_with_furnace":6,"minecraft:sprint_one_cm":40872,"minecraft:damage_taken":80,"minecraft:walk_one_cm":24684,"minecraft:mob_kills":7,"minecraft:drop":9,"minecraft:damage_dealt":650,"minecraft:swim_one_cm":602,"minecraft:interact_with_crafting_table":3,"minecraft:fly_one_cm":42746,"minecraft:crouch_one_cm":3453,"minecraft:play_time":17017,"minecraft:sneak_time":949,"minecraft:walk_under_water_one_cm":88,"minecraft:jump":266,"minecraft:leave_game":1,"minecraft:time_since_death":17017,"minecraft:walk_on_water_one_cm":2418,"minecraft:climb_one_cm":96,"minecraft:total_world_time":17017,"minecraft:fall_one_cm":4408},"minecraft:mined":{"minecraft:furnace":2,"treechop:chopped_log":4,"minecraft:crafting_table":2,"minecraft:grass":7,"minecraft:grass_block":4,"minecraft:coal_ore":22,"minecraft:dirt":4,"minecraft:spruce_leaves":8,"minecraft:stone":31,"minecraft:sugar_cane":3},"minecraft:killed":{"minecraft:pig":4,"minecraft:chicken":2,"minecraft:spider":1},"minecraft:dropped":{"minecraft:dirt":1,"minecraft:wheat_seeds":1,"alexsmobs:animal_dictionary":1,"minecraft:spruce_planks":24,"minecraft:oak_sapling":12,"pfm:furniture_book":1,"minecraft:wooden_pickaxe":1},"minecraft:crafted":{"minecraft:oak_planks":72,"minecraft:cooked_porkchop":5,"minecraft:crafting_table":2,"minecraft:spruce_planks":24,"minecraft:stick":4,"minecraft:wooden_pickaxe":1,"minecraft:stone_pickaxe":1,"minecraft:furnace":2,"minecraft:stone_axe":1,"minecraft:air":0}},"DataVersion":3465}