{"stats":{"minecraft:used":{"minecraft:stone_pickaxe":108,"minecraft:wooden_pickaxe":26,"minecraft:iron_sword":7,"minecraft:dirt":4,"minecraft:crafting_table":4,"minecraft:stone_axe":44,"minecraft:cobblestone":9,"minecraft:furnace":4,"minecraft:cooked_porkchop":3,"alexsmobs:animal_dictionary":1,"minecraft:egg":1},"minecraft:picked_up":{"minecraft:crafting_table":2,"minecraft:feather":6,"minecraft:chicken":2,"minecraft:leather":1,"minecraft:oak_log":18,"minecraft:dirt":5,"minecraft:string":1,"minecraft:bone":2,"minecraft:wheat_seeds":1,"minecraft:gold_nugget":148,"minecraft:beef":1,"minecraft:sugar_cane":7,"minecraft:furnace":4,"minecraft:egg":1,"minecraft:raw_iron":17,"minecraft:stick":4,"minecraft:dripstone_block":1,"sophisticatedbackpacks:backpack":1,"minecraft:porkchop":13,"minecraft:spruce_sapling":3,"minecraft:diorite":10,"minecraft:spruce_log":6,"minecraft:redstone":4,"minecraft:spider_eye":1,"minecraft:rotten_flesh":1,"waystones:waystone":2,"minecraft:granite":3,"minecraft:oak_sapling":12,"minecraft:mutton":2,"minecraft:coal":81,"minecraft:white_wool":2,"minecraft:cobblestone":40},"minecraft:custom":{"minecraft:interact_with_furnace":25,"minecraft:mob_kills":16,"minecraft:interact_with_crafting_table":4,"minecraft:leave_game":1,"minecraft:time_since_death":29017,"minecraft:climb_one_cm":96,"minecraft:time_since_rest":29017,"minecraft:sprint_one_cm":93220,"minecraft:damage_taken":140,"minecraft:walk_one_cm":46838,"minecraft:drop":20,"minecraft:damage_dealt":1769,"minecraft:damage_dealt_absorbed":120,"minecraft:swim_one_cm":2404,"minecraft:fly_one_cm":100232,"minecraft:open_chest":10,"minecraft:crouch_one_cm":6405,"minecraft:play_time":29017,"tombstone:undead_killed":2,"minecraft:sneak_time":1812,"minecraft:walk_under_water_one_cm":2111,"minecraft:jump":556,"minecraft:walk_on_water_one_cm":3906,"minecraft:total_world_time":29017,"minecraft:fall_one_cm":15655},"minecraft:mined":{"minecraft:crafting_table":2,"minecraft:granite":3,"minecraft:grass_block":4,"minecraft:spruce_leaves":8,"minecraft:sugar_cane":3,"minecraft:diorite":11,"minecraft:furnace":4,"minecraft:iron_ore":16,"treechop:chopped_log":4,"minecraft:grass":12,"minecraft:coal_ore":42,"minecraft:deepslate_iron_ore":1,"iceandfire:gold_pile":15,"minecraft:dripstone_block":1,"minecraft:dirt":4,"minecraft:stone":40},"minecraft:killed":{"minecraft:pig":9,"minecraft:spider":1,"minecraft:sheep":1,"minecraft:skeleton":1,"minecraft:zombie":1,"minecraft:chicken":2,"minecraft:cow":1},"minecraft:dropped":{"minecraft:wheat_seeds":1,"alexsmobs:animal_dictionary":1,"minecraft:feather":6,"minecraft:rotten_flesh":2,"minecraft:dirt":1,"minecraft:spruce_planks":24,"minecraft:oak_sapling":12,"minecraft:spider_eye":1,"minecraft:gold_nugget":4,"pfm:furniture_book":1,"minecraft:wooden_pickaxe":1,"minecraft:white_wool":2,"minecraft:redstone":8},"minecraft:crafted":{"minecraft:cooked_beef":1,"minecraft:oak_planks":72,"minecraft:cooked_porkchop":13,"minecraft:crafting_table":2,"minecraft:spruce_planks":24,"minecraft:cooked_chicken":2,"minecraft:wooden_pickaxe":1,"minecraft:furnace":2,"minecraft:stone_axe":1,"minecraft:cooked_mutton":2,"minecraft:air":0,"minecraft:stick":4,"minecraft:stone_pickaxe":1,"minecraft:gold_ingot":16}},"DataVersion":3465}