{"stats":{"minecraft:used":{"minecraft:shield":6,"minecraft:iron_sword":112,"minecraft:cooked_chicken":2,"minecraft:iron_chestplate":1,"minecraft:dirt":21,"minecraft:tuff":1,"minecraft:iron_boots":1,"minecraft:furnace":12,"tombstone:gift":2,"minecraft:egg":1,"minecraft:cobbled_deepslate":7,"minecraft:cooked_mutton":9,"minecraft:water_bucket":30,"iceandfire:fire_dragon_flesh":4,"minecraft:stone_pickaxe":116,"minecraft:wooden_pickaxe":26,"minecraft:crafting_table":8,"waystones:waystone":1,"minecraft:iron_pickaxe":83,"minecraft:stone_axe":52,"minecraft:fire_charge":1,"minecraft:cobblestone":25,"minecraft:cooked_porkchop":22,"minecraft:bucket":31,"alexsmobs:animal_dictionary":1},"minecraft:picked_up":{"minecraft:crafting_table":6,"minecraft:chicken":6,"minecraft:gold_block":2,"minecraft:enchanted_book":1,"minecraft:string":3,"minecraft:gold_nugget":370,"minecraft:cobbled_deepslate":7,"minecraft:beef":11,"minecraft:rose_bush":1,"minecraft:sugar_cane":12,"iceandfire:dragonscales_red":13,"minecraft:egg":1,"minecraft:furnace":12,"minecraft:stick":5,"minecraft:raw_iron":42,"iceandfire:dragonbone":9,"sophisticatedbackpacks:backpack":1,"minecraft:porkchop":22,"minecraft:cherry_log":2,"tombstone:grave_dust":1,"minecraft:diorite":30,"minecraft:redstone":4,"minecraft:rotten_flesh":7,"iceandfire:chared_dirt":7,"minecraft:hay_block":17,"iceandfire:fire_dragon_heart":1,"tombstone:essence_of_undeath":1,"minecraft:mutton":20,"minecraft:white_wool":16,"minecraft:cobblestone":51,"minecraft:birch_log":1,"minecraft:pink_petals":7,"minecraft:feather":12,"minecraft:andesite":1,"minecraft:leather":7,"minecraft:tuff":1,"minecraft:oak_log":18,"minecraft:dirt":21,"minecraft:bone":5,"minecraft:wheat_seeds":5,"minecraft:stone_pickaxe":1,"iceandfire:fire_dragon_flesh":4,"iceandfire:chared_stone":8,"minecraft:dripstone_block":1,"iceandfire:dragon_skull_fire":1,"minecraft:spruce_sapling":3,"minecraft:white_bed":2,"minecraft:spruce_log":6,"minecraft:spider_eye":1,"waystones:waystone":2,"minecraft:granite":3,"minecraft:cherry_sapling":8,"minecraft:oak_sapling":12,"minecraft:coal":212,"iceandfire:chared_gravel":14},"minecraft:custom":{"minecraft:mob_kills":52,"minecraft:interact_with_crafting_table":12,"minecraft:leave_game":1,"minecraft:time_since_death":29321,"minecraft:climb_one_cm":96,"minecraft:sprint_one_cm":258748,"minecraft:walk_one_cm":137747,"minecraft:damage_blocked_by_shield":160,"minecraft:drop":48,"minecraft:damage_dealt_absorbed":120,"minecraft:play_time":77017,"minecraft:deaths":1,"minecraft:sneak_time":4946,"minecraft:walk_under_water_one_cm":28215,"minecraft:jump":1621,"minecraft:walk_on_water_one_cm":30613,"minecraft:total_world_time":77017,"minecraft:interact_with_furnace":65,"minecraft:sleep_in_bed":1,"minecraft:time_since_rest":3680,"minecraft:waystone_activated":1,"minecraft:damage_taken":3145,"minecraft:damage_dealt":6240,"minecraft:swim_one_cm":42236,"minecraft:fly_one_cm":262523,"minecraft:open_chest":26,"minecraft:crouch_one_cm":14751,"tombstone:undead_killed":8,"minecraft:fall_one_cm":39047,"minecraft:horse_one_cm":83516},"minecraft:mined":{"minecraft:tuff":1,"minecraft:granite":3,"minecraft:grass_block":6,"iceandfire:chared_dirt":5,"minecraft:spruce_leaves":8,"minecraft:hay_block":17,"minecraft:furnace":12,"minecraft:iron_ore":28,"minecraft:cobbled_deepslate":1,"minecraft:fire":4,"minecraft:andesite":1,"iceandfire:chared_gravel":4,"treechop:chopped_log":4,"minecraft:gold_block":2,"iceandfire:gold_pile":33,"minecraft:deepslate_iron_ore":14,"minecraft:stone":46,"minecraft:crafting_table":6,"minecraft:rose_bush":1,"minecraft:cobblestone":1,"minecraft:tall_grass":2,"minecraft:sugar_cane":5,"minecraft:diorite":11,"minecraft:grass":17,"minecraft:coal_ore":47,"minecraft:dripstone_block":1,"minecraft:dirt":12,"minecraft:deepslate":6,"iceandfire:chared_stone":4},"minecraft:killed":{"minecraft:spider":3,"minecraft:skeleton":3,"minecraft:chicken":6,"minecraft:pig":13,"minecraft:creeper":1,"minecraft:sheep":15,"minecraft:zombie":4,"iceandfire:ghost":1,"minecraft:cow":5},"minecraft:dropped":{"iceandfire:chared_stone":8,"minecraft:enchanted_book":1,"minecraft:wheat_seeds":5,"minecraft:cherry_log":2,"minecraft:dripstone_block":1,"minecraft:feather":6,"minecraft:granite":3,"minecraft:stick":1,"minecraft:dirt":1,"minecraft:diorite":30,"minecraft:rose_bush":1,"iceandfire:chared_gravel":7,"minecraft:gold_nugget":10,"minecraft:sand":2,"minecraft:string":1,"minecraft:pink_petals":7,"minecraft:white_wool":2,"minecraft:redstone":8,"alexsmobs:animal_dictionary":1,"minecraft:cherry_sapling":8,"minecraft:rotten_flesh":8,"minecraft:white_bed":2,"minecraft:spruce_planks":24,"minecraft:skeleton_skull":1,"minecraft:oak_sapling":12,"minecraft:spider_eye":1,"pfm:furniture_book":1,"minecraft:wooden_pickaxe":1,"minecraft:stone_pickaxe":2},"minecraft:crafted":{"minecraft:oak_planks":72,"minecraft:cooked_chicken":2,"minecraft:furnace":2,"minecraft:cooked_mutton":9,"minecraft:iron_boots":1,"minecraft:stone_pickaxe":1,"minecraft:cooked_beef":1,"minecraft:cooked_porkchop":22,"minecraft:crafting_table":3,"minecraft:spruce_planks":24,"minecraft:wooden_pickaxe":1,"minecraft:iron_helmet":1,"minecraft:bucket":1,"minecraft:stone_axe":1,"minecraft:air":0,"minecraft:iron_chestplate":1,"minecraft:shield":1,"minecraft:stick":4,"minecraft:iron_ingot":33,"minecraft:iron_pickaxe":1,"minecraft:gold_ingot":49}},"DataVersion":3465}