{
  "minecraft:recipes/decorations/crafting_table": {
    "criteria": {
      "unlock_right_away": "2024-09-13 03:24:44 +0000"
    },
    "done": true
  },
  "pfm:grant_book_on_first_join": {
    "criteria": {
      "tick": "2024-09-13 03:24:44 +0000"
    },
    "done": true
  },
  "iceandfire:iceandfire/root": {
    "criteria": {
      "tick": "2024-09-13 03:24:44 +0000"
    },
    "done": true
  },
  "tombstone:adventure/root": {
    "criteria": {
      "auto": "2024-09-13 03:24:46 +0000"
    },
    "done": true
  },
  "minecraft:adventure/adventuring_time": {
    "criteria": {
      "minecraft:cherry_grove": "2024-09-13 03:37:15 +0000",
      "minecraft:bamboo_jungle": "2024-09-13 03:31:43 +0000",
      "minecraft:beach": "2024-09-13 03:24:46 +0000",
      "minecraft:dark_forest": "2024-09-13 03:27:35 +0000",
      "minecraft:sparse_jungle": "2024-09-13 03:31:49 +0000",
      "minecraft:river": "2024-09-13 03:31:38 +0000",
      "minecraft:swamp": "2024-09-13 03:25:02 +0000",
      "minecraft:forest": "2024-09-13 03:25:18 +0000",
      "minecraft:jungle": "2024-09-13 03:29:18 +0000",
      "minecraft:plains": "2024-09-13 03:37:03 +0000"
    },
    "done": false
  },
  "minecraft:recipes/transportation/cherry_boat": {
    "criteria": {
      "in_water": "2024-09-13 03:24:59 +0000"
    },
    "done": true
  },
  "minecraft:recipes/transportation/bamboo_raft": {
    "criteria": {
      "in_water": "2024-09-13 03:24:59 +0000"
    },
    "done": true
  },
  "minecraft:recipes/transportation/acacia_boat": {
    "criteria": {
      "in_water": "2024-09-13 03:24:59 +0000"
    },
    "done": true
  },
  "minecraft:recipes/transportation/jungle_boat": {
    "criteria": {
      "in_water": "2024-09-13 03:24:59 +0000"
    },
    "done": true
  },
  "minecraft:recipes/transportation/spruce_boat": {
    "criteria": {
      "in_water": "2024-09-13 03:24:59 +0000"
    },
    "done": true
  },
  "minecraft:recipes/transportation/birch_boat": {
    "criteria": {
      "in_water": "2024-09-13 03:24:59 +0000"
    },
    "done": true
  },
  "minecraft:recipes/transportation/oak_boat": {
    "criteria": {
      "in_water": "2024-09-13 03:24:59 +0000"
    },
    "done": true
  },
  "minecraft:recipes/transportation/mangrove_boat": {
    "criteria": {
      "in_water": "2024-09-13 03:24:59 +0000"
    },
    "done": true
  },
  "minecraft:recipes/transportation/dark_oak_boat": {
    "criteria": {
      "in_water": "2024-09-13 03:24:59 +0000"
    },
    "done": true
  },
  "minecraft:recipes/decorations/ladder": {
    "criteria": {
      "has_stick": "2024-09-13 03:36:14 +0000"
    },
    "done": true
  },
  "pfm:recipes/furniture/cherry_table_dinner": {
    "criteria": {
      "has_planks": "2024-09-13 03:42:18 +0000"
    },
    "done": true
  },
  "cfm:recipes/decorations/blue_grill": {
    "criteria": {
      "has_iron": "2024-09-13 03:45:12 +0000"
    },
    "done": true
  },
  "cfm:recipes/decorations/light_blue_grill": {
    "criteria": {
      "has_iron": "2024-09-13 03:45:12 +0000"
    },
    "done": true
  },
  "cfm:recipes/decorations/brown_grill": {
    "criteria": {
      "has_iron": "2024-09-13 03:45:12 +0000"
    },
    "done": true
  },
  "tombstone:recipes/from_grave_key": {
    "criteria": {
      "has_ingredient": "2024-09-13 03:45:31 +0000"
    },
    "done": true
  },
  "minecraft:recipes/combat/iron_helmet": {
    "criteria": {
      "has_iron_ingot": "2024-09-13 03:45:12 +0000"
    },
    "done": true
  },
  "minecraft:recipes/decorations/cherry_fence": {
    "criteria": {
      "has_planks": "2024-09-13 03:42:18 +0000"
    },
    "done": true
  },
  "minecraft:recipes/tools/wooden_axe": {
    "criteria": {
      "has_stick": "2024-09-13 03:36:14 +0000"
    },
    "done": true
  },
  "pfm:recipes/furniture/cherry_table_modern_dinner": {
    "criteria": {
      "has_planks": "2024-09-13 03:42:18 +0000"
    },
    "done": true
  },
  "pfm:recipes/furniture/cherry_classic_stool": {
    "criteria": {
      "has_planks": "2024-09-13 03:42:18 +0000"
    },
    "done": true
  },
  "pfm:recipes/furniture/cherry_chair": {
    "criteria": {
      "has_planks": "2024-09-13 03:42:18 +0000"
    },
    "done": true
  },
  "cfm:recipes/decorations/fridge_dark": {
    "criteria": {
      "has_iron": "2024-09-13 03:45:12 +0000"
    },
    "done": true
  },
  "cfm:recipes/decorations/black_trampoline": {
    "criteria": {
      "has_iron": "2024-09-13 03:45:12 +0000"
    },
    "done": true
  },
  "minecraft:recipes/tools/shears": {
    "criteria": {
      "has_iron_ingot": "2024-09-13 03:45:12 +0000"
    },
    "done": true
  },
  "minecraft:recipes/misc/stick": {
    "criteria": {
      "has_planks": "2024-09-13 03:42:18 +0000"
    },
    "done": true
  },
  "pfm:recipes/furniture/cherry_chair_modern": {
    "criteria": {
      "has_planks": "2024-09-13 03:42:18 +0000"
    },
    "done": true
  },
  "cfm:recipes/decorations/yellow_grill": {
    "criteria": {
      "has_iron": "2024-09-13 03:45:12 +0000"
    },
    "done": true
  },
  "cfm:recipes/decorations/fridge_light": {
    "criteria": {
      "has_iron": "2024-09-13 03:45:12 +0000"
    },
    "done": true
  },
  "pfm:recipes/furniture/iron_freezer": {
    "criteria": {
      "has_iron_ingot": "2024-09-13 03:45:12 +0000"
    },
    "done": true
  },
  "minecraft:recipes/building_blocks/cherry_planks": {
    "criteria": {
      "has_log": "2024-09-13 03:37:23 +0000"
    },
    "done": true
  },
  "minecraft:recipes/building_blocks/iron_block": {
    "criteria": {
      "has_iron_ingot": "2024-09-13 03:45:12 +0000"
    },
    "done": true
  },
  "pfm:recipes/furniture/cherry_table_basic": {
    "criteria": {
      "has_planks": "2024-09-13 03:42:18 +0000"
    },
    "done": true
  },
  "iceandfire:recipes/misc/ghost_chest": {
    "criteria": {
      "has_item": "2024-09-13 03:40:22 +0000"
    },
    "done": true
  },
  "pfm:recipes/furniture/iron_stove": {
    "criteria": {
      "has_iron_ingot": "2024-09-13 03:45:12 +0000"
    },
    "done": true
  },
  "pfm:recipes/root": {
    "criteria": {
      "has_planks": "2024-09-13 03:42:18 +0000"
    },
    "done": true
  },
  "cfm:recipes/decorations/blue_trampoline": {
    "criteria": {
      "has_iron": "2024-09-13 03:45:12 +0000"
    },
    "done": true
  },
  "pfm:recipes/furniture/cherry_simple_stool": {
    "criteria": {
      "has_planks": "2024-09-13 03:42:18 +0000"
    },
    "done": true
  },
  "pfm:recipes/furniture/cherry_raw_table_log": {
    "criteria": {
      "has_log": "2024-09-13 03:37:23 +0000"
    },
    "done": true
  },
  "cfm:recipes/decorations/lime_trampoline": {
    "criteria": {
      "has_iron": "2024-09-13 03:45:12 +0000"
    },
    "done": true
  },
  "pfm:recipes/furniture/cherry_table_classic": {
    "criteria": {
      "has_planks": "2024-09-13 03:42:18 +0000"
    },
    "done": true
  },
  "cfm:recipes/decorations/white_grill": {
    "criteria": {
      "has_iron": "2024-09-13 03:45:12 +0000"
    },
    "done": true
  },
  "minecraft:recipes/redstone/hopper": {
    "criteria": {
      "has_iron_ingot": "2024-09-13 03:45:12 +0000"
    },
    "done": true
  },
  "cfm:recipes/decorations/yellow_trampoline": {
    "criteria": {
      "has_iron": "2024-09-13 03:45:12 +0000"
    },
    "done": true
  },
  "cfm:recipes/decorations/orange_trampoline": {
    "criteria": {
      "has_iron": "2024-09-13 03:45:12 +0000"
    },
    "done": true
  },
  "pfm:recipes/furniture/cherry_kitchen_counter_oven": {
    "criteria": {
      "has_planks": "2024-09-13 03:37:23 +0000"
    },
    "done": true
  },
  "minecraft:recipes/combat/iron_boots": {
    "criteria": {
      "has_iron_ingot": "2024-09-13 03:45:12 +0000"
    },
    "done": true
  },
  "minecraft:recipes/decorations/lantern": {
    "criteria": {
      "has_iron_ingot": "2024-09-13 03:45:12 +0000"
    },
    "done": true
  },
  "minecraft:recipes/decorations/cherry_sign": {
    "criteria": {
      "has_planks": "2024-09-13 03:42:18 +0000"
    },
    "done": true
  },
  "minecraft:recipes/decorations/campfire": {
    "criteria": {
      "has_stick": "2024-09-13 03:36:14 +0000"
    },
    "done": true
  },
  "cfm:recipes/decorations/gray_grill": {
    "criteria": {
      "has_iron": "2024-09-13 03:45:12 +0000"
    },
    "done": true
  },
  "minecraft:recipes/tools/wooden_hoe": {
    "criteria": {
      "has_stick": "2024-09-13 03:36:14 +0000"
    },
    "done": true
  },
  "cfm:recipes/decorations/red_trampoline": {
    "criteria": {
      "has_iron": "2024-09-13 03:45:12 +0000"
    },
    "done": true
  },
  "tombstone:adventure/first_grave": {
    "criteria": {
      "coded_trigger": "2024-09-13 03:45:30 +0000"
    },
    "done": true
  },
  "minecraft:recipes/misc/charcoal": {
    "criteria": {
      "has_log": "2024-09-13 03:37:23 +0000"
    },
    "done": true
  },
  "minecraft:recipes/redstone/cherry_pressure_plate": {
    "criteria": {
      "has_planks": "2024-09-13 03:42:18 +0000"
    },
    "done": true
  },
  "minecraft:recipes/tools/iron_shovel": {
    "criteria": {
      "has_iron_ingot": "2024-09-13 03:45:12 +0000"
    },
    "done": true
  },
  "cfm:recipes/decorations/magenta_grill": {
    "criteria": {
      "has_iron": "2024-09-13 03:45:12 +0000"
    },
    "done": true
  },
  "pfm:recipes/furniture/cherry_kitchen_wall_drawer": {
    "criteria": {
      "has_planks": "2024-09-13 03:37:23 +0000"
    },
    "done": true
  },
  "cfm:recipes/decorations/pink_grill": {
    "criteria": {
      "has_iron": "2024-09-13 03:45:12 +0000"
    },
    "done": true
  },
  "minecraft:recipes/building_blocks/melon": {
    "criteria": {
      "has_melon": "2024-09-13 03:30:55 +0000"
    },
    "done": true
  },
  "cfm:recipes/decorations/gray_trampoline": {
    "criteria": {
      "has_iron": "2024-09-13 03:45:12 +0000"
    },
    "done": true
  },
  "cfm:recipes/decorations/brown_trampoline": {
    "criteria": {
      "has_iron": "2024-09-13 03:45:12 +0000"
    },
    "done": true
  },
  "minecraft:recipes/tools/wooden_shovel": {
    "criteria": {
      "has_stick": "2024-09-13 03:36:14 +0000"
    },
    "done": true
  },
  "cfm:recipes/decorations/black_grill": {
    "criteria": {
      "has_iron": "2024-09-13 03:45:12 +0000"
    },
    "done": true
  },
  "minecraft:recipes/redstone/iron_trapdoor": {
    "criteria": {
      "has_iron_ingot": "2024-09-13 03:45:12 +0000"
    },
    "done": true
  },
  "minecraft:recipes/combat/wooden_sword": {
    "criteria": {
      "has_stick": "2024-09-13 03:36:14 +0000"
    },
    "done": true
  },
  "minecraft:recipes/combat/crossbow": {
    "criteria": {
      "has_iron_ingot": "2024-09-13 03:45:12 +0000"
    },
    "done": true
  },
  "cfm:recipes/decorations/light_blue_trampoline": {
    "criteria": {
      "has_iron": "2024-09-13 03:45:12 +0000"
    },
    "done": true
  },
  "minecraft:recipes/decorations/barrel": {
    "criteria": {
      "has_planks": "2024-09-13 03:42:18 +0000"
    },
    "done": true
  },
  "pfm:recipes/furniture/kitchen_stovetop": {
    "criteria": {
      "has_iron_ingot": "2024-09-13 03:45:12 +0000"
    },
    "done": true
  },
  "minecraft:recipes/redstone/cherry_door": {
    "criteria": {
      "has_planks": "2024-09-13 03:42:18 +0000"
    },
    "done": true
  },
  "pfm:recipes/furniture/cherry_simple_bunk_ladder": {
    "criteria": {
      "has_planks": "2024-09-13 03:42:18 +0000"
    },
    "done": true
  },
  "pfm:recipes/furniture/iron_fridge": {
    "criteria": {
      "has_iron_ingot": "2024-09-13 03:45:12 +0000"
    },
    "done": true
  },
  "minecraft:recipes/redstone/heavy_weighted_pressure_plate": {
    "criteria": {
      "has_iron_ingot": "2024-09-13 03:45:12 +0000"
    },
    "done": true
  },
  "pfm:recipes/furniture/cherry_kitchen_sink": {
    "criteria": {
      "has_planks": "2024-09-13 03:37:23 +0000"
    },
    "done": true
  },
  "minecraft:recipes/misc/melon_seeds": {
    "criteria": {
      "has_melon": "2024-09-13 03:30:55 +0000"
    },
    "done": true
  },
  "minecraft:recipes/combat/iron_leggings": {
    "criteria": {
      "has_iron_ingot": "2024-09-13 03:45:12 +0000"
    },
    "done": true
  },
  "minecraft:story/obtain_armor": {
    "criteria": {
      "iron_helmet": "2024-09-13 03:45:05 +0000"
    },
    "done": true
  },
  "minecraft:recipes/building_blocks/cherry_slab": {
    "criteria": {
      "has_planks": "2024-09-13 03:42:18 +0000"
    },
    "done": true
  },
  "minecraft:recipes/misc/iron_nugget_from_smelting": {
    "criteria": {
      "has_iron_helmet": "2024-09-13 03:45:05 +0000"
    },
    "done": true
  },
  "pfm:recipes/furniture/iron_microwave": {
    "criteria": {
      "has_iron_ingot": "2024-09-13 03:45:12 +0000"
    },
    "done": true
  },
  "pfm:recipes/furniture/cherry_kitchen_drawer": {
    "criteria": {
      "has_planks": "2024-09-13 03:37:23 +0000"
    },
    "done": true
  },
  "minecraft:recipes/combat/iron_chestplate": {
    "criteria": {
      "has_iron_ingot": "2024-09-13 03:45:12 +0000"
    },
    "done": true
  },
  "minecraft:recipes/misc/iron_nugget": {
    "criteria": {
      "has_iron_ingot": "2024-09-13 03:45:12 +0000"
    },
    "done": true
  },
  "cfm:recipes/decorations/light_gray_grill": {
    "criteria": {
      "has_iron": "2024-09-13 03:45:12 +0000"
    },
    "done": true
  },
  "cfm:recipes/decorations/green_grill": {
    "criteria": {
      "has_iron": "2024-09-13 03:45:12 +0000"
    },
    "done": true
  },
  "minecraft:recipes/misc/bucket": {
    "criteria": {
      "has_iron_ingot": "2024-09-13 03:45:12 +0000"
    },
    "done": true
  },
  "minecraft:recipes/transportation/minecart": {
    "criteria": {
      "has_iron_ingot": "2024-09-13 03:45:12 +0000"
    },
    "done": true
  },
  "minecraft:recipes/tools/iron_hoe": {
    "criteria": {
      "has_iron_ingot": "2024-09-13 03:45:12 +0000"
    },
    "done": true
  },
  "cfm:recipes/tools/spatula": {
    "criteria": {
      "has_iron": "2024-09-13 03:45:12 +0000"
    },
    "done": true
  },
  "cfm:recipes/decorations/pink_trampoline": {
    "criteria": {
      "has_iron": "2024-09-13 03:45:12 +0000"
    },
    "done": true
  },
  "pfm:recipes/furniture/cherry_kitchen_cabinet": {
    "criteria": {
      "has_planks": "2024-09-13 03:37:23 +0000"
    },
    "done": true
  },
  "pfm:recipes/furniture/cherry_classic_nightstand": {
    "criteria": {
      "has_planks": "2024-09-13 03:42:18 +0000"
    },
    "done": true
  },
  "pfm:recipes/furniture/cherry_chair_dinner": {
    "criteria": {
      "has_planks": "2024-09-13 03:42:18 +0000"
    },
    "done": true
  },
  "minecraft:recipes/building_blocks/cherry_stairs": {
    "criteria": {
      "has_planks": "2024-09-13 03:42:18 +0000"
    },
    "done": true
  },
  "cfm:recipes/decorations/purple_grill": {
    "criteria": {
      "has_iron": "2024-09-13 03:45:12 +0000"
    },
    "done": true
  },
  "minecraft:story/smelt_iron": {
    "criteria": {
      "iron": "2024-09-13 03:45:12 +0000"
    },
    "done": true
  },
  "minecraft:recipes/redstone/cherry_trapdoor": {
    "criteria": {
      "has_planks": "2024-09-13 03:42:18 +0000"
    },
    "done": true
  },
  "minecraft:recipes/decorations/chain": {
    "criteria": {
      "has_iron_ingot": "2024-09-13 03:45:12 +0000"
    },
    "done": true
  },
  "minecraft:recipes/redstone/cherry_button": {
    "criteria": {
      "has_planks": "2024-09-13 03:42:18 +0000"
    },
    "done": true
  },
  "pfm:recipes/furniture/cherry_kitchen_wall_counter": {
    "criteria": {
      "has_planks": "2024-09-13 03:37:23 +0000"
    },
    "done": true
  },
  "iceandfire:recipes/misc/earplugs": {
    "criteria": {
      "has_item": "2024-09-13 03:42:18 +0000"
    },
    "done": true
  },
  "minecraft:recipes/decorations/smithing_table": {
    "criteria": {
      "has_iron_ingot": "2024-09-13 03:45:12 +0000"
    },
    "done": true
  },
  "minecraft:husbandry/root": {
    "criteria": {
      "consumed_item": "2024-09-13 03:31:00 +0000"
    },
    "done": true
  },
  "minecraft:recipes/building_blocks/cherry_wood": {
    "criteria": {
      "has_log": "2024-09-13 03:37:23 +0000"
    },
    "done": true
  },
  "pfm:recipes/furniture/cherry_kitchen_counter": {
    "criteria": {
      "has_planks": "2024-09-13 03:37:23 +0000"
    },
    "done": true
  },
  "pfm:recipes/furniture/cherry_chair_classic": {
    "criteria": {
      "has_planks": "2024-09-13 03:42:18 +0000"
    },
    "done": true
  },
  "cfm:recipes/decorations/light_gray_trampoline": {
    "criteria": {
      "has_iron": "2024-09-13 03:45:12 +0000"
    },
    "done": true
  },
  "minecraft:recipes/combat/iron_sword": {
    "criteria": {
      "has_iron_ingot": "2024-09-13 03:45:12 +0000"
    },
    "done": true
  },
  "minecraft:recipes/tools/iron_pickaxe": {
    "criteria": {
      "has_iron_ingot": "2024-09-13 03:45:12 +0000"
    },
    "done": true
  },
  "minecraft:recipes/combat/shield": {
    "criteria": {
      "has_iron_ingot": "2024-09-13 03:45:12 +0000"
    },
    "done": true
  },
  "minecraft:recipes/decorations/iron_bars": {
    "criteria": {
      "has_iron_ingot": "2024-09-13 03:45:12 +0000"
    },
    "done": true
  },
  "pfm:recipes/furniture/cherry_kitchen_wall_small_drawer": {
    "criteria": {
      "has_planks": "2024-09-13 03:37:23 +0000"
    },
    "done": true
  },
  "cfm:recipes/decorations/white_trampoline": {
    "criteria": {
      "has_iron": "2024-09-13 03:45:12 +0000"
    },
    "done": true
  },
  "minecraft:recipes/brewing/glistering_melon_slice": {
    "criteria": {
      "has_melon": "2024-09-13 03:30:55 +0000"
    },
    "done": true
  },
  "cfm:recipes/decorations/post_box": {
    "criteria": {
      "has_iron": "2024-09-13 03:45:12 +0000"
    },
    "done": true
  },
  "minecraft:recipes/redstone/cherry_fence_gate": {
    "criteria": {
      "has_planks": "2024-09-13 03:42:18 +0000"
    },
    "done": true
  },
  "cfm:recipes/decorations/cyan_trampoline": {
    "criteria": {
      "has_iron": "2024-09-13 03:45:12 +0000"
    },
    "done": true
  },
  "minecraft:recipes/tools/wooden_pickaxe": {
    "criteria": {
      "has_stick": "2024-09-13 03:36:14 +0000"
    },
    "done": true
  },
  "pfm:recipes/furniture/iron_oven_range_hood": {
    "criteria": {
      "has_iron_ingot": "2024-09-13 03:45:12 +0000"
    },
    "done": true
  },
  "cfm:recipes/decorations/purple_trampoline": {
    "criteria": {
      "has_iron": "2024-09-13 03:45:12 +0000"
    },
    "done": true
  },
  "cfm:recipes/decorations/green_trampoline": {
    "criteria": {
      "has_iron": "2024-09-13 03:45:12 +0000"
    },
    "done": true
  },
  "cfm:recipes/decorations/cyan_grill": {
    "criteria": {
      "has_iron": "2024-09-13 03:45:12 +0000"
    },
    "done": true
  },
  "cfm:recipes/decorations/orange_grill": {
    "criteria": {
      "has_iron": "2024-09-13 03:45:12 +0000"
    },
    "done": true
  },
  "iceandfire:recipes/building_blocks/graveyard_soil": {
    "criteria": {
      "has_item": "2024-09-13 03:40:22 +0000"
    },
    "done": true
  },
  "minecraft:recipes/tools/iron_axe": {
    "criteria": {
      "has_iron_ingot": "2024-09-13 03:45:12 +0000"
    },
    "done": true
  },
  "cfm:recipes/decorations/magenta_trampoline": {
    "criteria": {
      "has_iron": "2024-09-13 03:45:12 +0000"
    },
    "done": true
  },
  "minecraft:recipes/misc/iron_nugget_from_blasting": {
    "criteria": {
      "has_iron_helmet": "2024-09-13 03:45:05 +0000"
    },
    "done": true
  },
  "pfm:recipes/furniture/cherry_table_log": {
    "criteria": {
      "has_log": "2024-09-13 03:42:18 +0000"
    },
    "done": true
  },
  "pfm:recipes/furniture/cherry_log_stool": {
    "criteria": {
      "has_log": "2024-09-13 03:37:23 +0000"
    },
    "done": true
  },
  "minecraft:husbandry/balanced_diet": {
    "criteria": {
      "melon_slice": "2024-09-13 03:31:00 +0000"
    },
    "done": false
  },
  "cfm:recipes/decorations/lime_grill": {
    "criteria": {
      "has_iron": "2024-09-13 03:45:12 +0000"
    },
    "done": true
  },
  "minecraft:recipes/redstone/iron_door": {
    "criteria": {
      "has_iron_ingot": "2024-09-13 03:45:12 +0000"
    },
    "done": true
  },
  "cfm:recipes/decorations/red_grill": {
    "criteria": {
      "has_iron": "2024-09-13 03:45:12 +0000"
    },
    "done": true
  },
  "pfm:recipes/furniture/cherry_modern_stool": {
    "criteria": {
      "has_planks": "2024-09-13 03:42:18 +0000"
    },
    "done": true
  },
  "DataVersion": 3465
}